DATE,VISITOR,VISITOR_PTS,HOME,HOME_PTS
2023-10-24,Los Angeles Lakers,107.0,Denver Nuggets,119.0
2023-10-24,Phoenix Suns,108.0,Golden State Warriors,104.0
2023-10-25,Houston Rockets,86.0,Orlando Magic,116.0
2023-10-25,Boston Celtics,108.0,New York Knicks,104.0
2023-10-25,Washington Wizards,120.0,Indiana Pacers,143.0
2023-10-25,Atlanta Hawks,110.0,Charlotte Hornets,116.0
2023-10-25,Detroit Pistons,102.0,Miami Heat,103.0
2023-10-25,Minnesota Timberwolves,94.0,Toronto Raptors,97.0
2023-10-25,Cleveland Cavaliers,114.0,Brooklyn Nets,113.0
2023-10-25,New Orleans Pelicans,111.0,Memphis Grizzlies,104.0
2023-10-25,Oklahoma City Thunder,124.0,Chicago Bulls,104.0
2023-10-25,Sacramento Kings,130.0,Utah Jazz,114.0
2023-10-25,Dallas Mavericks,126.0,San Antonio Spurs,119.0
2023-10-25,Portland Trail Blazers,111.0,Los Angeles Clippers,123.0
2023-10-26,Philadelphia 76ers,117.0,Milwaukee Bucks,118.0
2023-10-26,Phoenix Suns,95.0,Los Angeles Lakers,100.0
2023-10-27,Denver Nuggets,108.0,Memphis Grizzlies,104.0
2023-10-27,Detroit Pistons,111.0,Charlotte Hornets,99.0
2023-10-27,New York Knicks,126.0,Atlanta Hawks,120.0
2023-10-27,Oklahoma City Thunder,108.0,Cleveland Cavaliers,105.0
2023-10-27,Miami Heat,111.0,Boston Celtics,119.0
2023-10-27,Toronto Raptors,103.0,Chicago Bulls,104.0
2023-10-27,Houston Rockets,122.0,San Antonio Spurs,126.0
2023-10-27,Brooklyn Nets,120.0,Dallas Mavericks,125.0
2023-10-27,Los Angeles Clippers,118.0,Utah Jazz,120.0
2023-10-27,Orlando Magic,102.0,Portland Trail Blazers,97.0
2023-10-27,Golden State Warriors,122.0,Sacramento Kings,114.0
2023-10-28,Chicago Bulls,102.0,Detroit Pistons,118.0
2023-10-28,Memphis Grizzlies,106.0,Washington Wizards,113.0
2023-10-28,New York Knicks,87.0,New Orleans Pelicans,96.0
2023-10-28,Indiana Pacers,125.0,Cleveland Cavaliers,113.0
2023-10-28,Philadelphia 76ers,114.0,Toronto Raptors,107.0
2023-10-28,Miami Heat,90.0,Minnesota Timberwolves,106.0
2023-10-28,Utah Jazz,104.0,Phoenix Suns,126.0
2023-10-29,Denver Nuggets,128.0,Oklahoma City Thunder,95.0
2023-10-29,Golden State Warriors,106.0,Houston Rockets,95.0
2023-10-29,Atlanta Hawks,127.0,Milwaukee Bucks,110.0
2023-10-29,Portland Trail Blazers,98.0,Philadelphia 76ers,126.0
2023-10-29,San Antonio Spurs,83.0,Los Angeles Clippers,123.0
2023-10-29,Los Angeles Lakers,127.0,Sacramento Kings,132.0
2023-10-30,Chicago Bulls,112.0,Indiana Pacers,105.0
2023-10-30,Boston Celtics,126.0,Washington Wizards,107.0
2023-10-30,Brooklyn Nets,133.0,Charlotte Hornets,121.0
2023-10-30,Portland Trail Blazers,99.0,Toronto Raptors,91.0
2023-10-30,Minnesota Timberwolves,113.0,Atlanta Hawks,127.0
2023-10-30,Dallas Mavericks,125.0,Memphis Grizzlies,110.0
2023-10-30,Miami Heat,114.0,Milwaukee Bucks,122.0
2023-10-30,Golden State Warriors,130.0,New Orleans Pelicans,102.0
2023-10-30,Detroit Pistons,112.0,Oklahoma City Thunder,124.0
2023-10-30,Utah Jazz,102.0,Denver Nuggets,110.0
2023-10-30,Orlando Magic,103.0,Los Angeles Lakers,106.0
2023-10-31,New York Knicks,109.0,Cleveland Cavaliers,91.0
2023-10-31,San Antonio Spurs,115.0,Phoenix Suns,114.0
2023-10-31,Orlando Magic,102.0,Los Angeles Clippers,118.0
2023-11-01,Portland Trail Blazers,110.0,Detroit Pistons,101.0
2023-11-01,Milwaukee Bucks,111.0,Toronto Raptors,130.0
2023-11-01,Washington Wizards,121.0,Atlanta Hawks,130.0
2023-11-01,Indiana Pacers,104.0,Boston Celtics,155.0
2023-11-01,Brooklyn Nets,109.0,Miami Heat,105.0
2023-11-01,Cleveland Cavaliers,95.0,New York Knicks,89.0
2023-11-01,New Orleans Pelicans,110.0,Oklahoma City Thunder,106.0
2023-11-01,Charlotte Hornets,119.0,Houston Rockets,128.0
2023-11-01,Denver Nuggets,89.0,Minnesota Timberwolves,110.0
2023-11-01,Chicago Bulls,105.0,Dallas Mavericks,114.0
2023-11-01,Memphis Grizzlies,109.0,Utah Jazz,133.0
2023-11-01,Sacramento Kings,101.0,Golden State Warriors,102.0
2023-11-01,Los Angeles Clippers,125.0,Los Angeles Lakers,130.0
2023-11-02,Toronto Raptors,99.0,Philadelphia 76ers,114.0
2023-11-02,Detroit Pistons,116.0,New Orleans Pelicans,125.0
2023-11-02,Orlando Magic,115.0,Utah Jazz,113.0
2023-11-02,San Antonio Spurs,132.0,Phoenix Suns,121.0
2023-11-03,Cleveland Cavaliers,116.0,Indiana Pacers,121.0
2023-11-03,New York Knicks,105.0,Milwaukee Bucks,110.0
2023-11-03,Brooklyn Nets,109.0,Chicago Bulls,107.0
2023-11-03,Washington Wizards,114.0,Miami Heat,121.0
2023-11-03,Golden State Warriors,141.0,Oklahoma City Thunder,139.0
2023-11-03,Dallas Mavericks,114.0,Denver Nuggets,125.0
2023-11-03,Memphis Grizzlies,113.0,Portland Trail Blazers,115.0
2023-11-04,Phoenix Suns,100.0,Philadelphia 76ers,112.0
2023-11-04,Charlotte Hornets,125.0,Indiana Pacers,124.0
2023-11-04,Atlanta Hawks,123.0,New Orleans Pelicans,105.0
2023-11-04,Los Angeles Lakers,101.0,Orlando Magic,120.0
2023-11-04,Boston Celtics,124.0,Brooklyn Nets,114.0
2023-11-04,Sacramento Kings,89.0,Houston Rockets,107.0
2023-11-04,Utah Jazz,95.0,Minnesota Timberwolves,123.0
2023-11-04,Chicago Bulls,101.0,Denver Nuggets,123.0
2023-11-05,Phoenix Suns,120.0,Detroit Pistons,106.0
2023-11-05,Toronto Raptors,123.0,San Antonio Spurs,116.0
2023-11-05,Golden State Warriors,104.0,Cleveland Cavaliers,115.0
2023-11-05,Charlotte Hornets,118.0,Dallas Mavericks,124.0
2023-11-05,Memphis Grizzlies,112.0,Portland Trail Blazers,100.0
2023-11-06,Golden State Warriors,120.0,Detroit Pistons,109.0
2023-11-06,San Antonio Spurs,111.0,Indiana Pacers,152.0
2023-11-06,Dallas Mavericks,117.0,Orlando Magic,102.0
2023-11-06,Washington Wizards,128.0,Philadelphia 76ers,146.0
2023-11-06,Milwaukee Bucks,129.0,Brooklyn Nets,125.0
2023-11-06,Los Angeles Lakers,107.0,Miami Heat,108.0
2023-11-06,Los Angeles Clippers,97.0,New York Knicks,111.0
2023-11-06,Utah Jazz,113.0,Chicago Bulls,130.0
2023-11-06,Sacramento Kings,97.0,Houston Rockets,122.0
2023-11-06,Boston Celtics,109.0,Minnesota Timberwolves,114.0
2023-11-06,Atlanta Hawks,117.0,Oklahoma City Thunder,126.0
2023-11-06,New Orleans Pelicans,116.0,Denver Nuggets,134.0
2023-11-08,Washington Wizards,132.0,Charlotte Hornets,116.0
2023-11-08,Utah Jazz,118.0,Indiana Pacers,134.0
2023-11-08,Boston Celtics,103.0,Philadelphia 76ers,106.0
2023-11-08,Los Angeles Clippers,93.0,Brooklyn Nets,100.0
2023-11-08,San Antonio Spurs,105.0,New York Knicks,126.0
2023-11-08,Phoenix Suns,116.0,Chicago Bulls,115.0
2023-11-08,Los Angeles Lakers,94.0,Houston Rockets,128.0
2023-11-08,Miami Heat,108.0,Memphis Grizzlies,102.0
2023-11-08,Detroit Pistons,118.0,Milwaukee Bucks,120.0
2023-11-08,New Orleans Pelicans,101.0,Minnesota Timberwolves,122.0
2023-11-08,Cleveland Cavaliers,120.0,Oklahoma City Thunder,128.0
2023-11-08,Toronto Raptors,127.0,Dallas Mavericks,116.0
2023-11-08,Golden State Warriors,105.0,Denver Nuggets,108.0
2023-11-08,Portland Trail Blazers,118.0,Sacramento Kings,121.0
2023-11-09,Milwaukee Bucks,124.0,Indiana Pacers,126.0
2023-11-09,Atlanta Hawks,120.0,Orlando Magic,119.0
2023-11-10,Philadelphia 76ers,114.0,Detroit Pistons,106.0
2023-11-10,Charlotte Hornets,124.0,Washington Wizards,117.0
2023-11-10,Brooklyn Nets,107.0,Boston Celtics,121.0
2023-11-10,New Orleans Pelicans,101.0,Houston Rockets,104.0
2023-11-10,Utah Jazz,127.0,Memphis Grizzlies,121.0
2023-11-10,Minnesota Timberwolves,117.0,San Antonio Spurs,110.0
2023-11-10,Los Angeles Clippers,126.0,Dallas Mavericks,144.0
2023-11-10,Los Angeles Lakers,122.0,Phoenix Suns,119.0
2023-11-10,Oklahoma City Thunder,98.0,Sacramento Kings,105.0
2023-11-11,Milwaukee Bucks,97.0,Orlando Magic,112.0
2023-11-11,Toronto Raptors,94.0,Boston Celtics,117.0
2023-11-11,Miami Heat,117.0,Atlanta Hawks,109.0
2023-11-11,Cleveland Cavaliers,118.0,Golden State Warriors,110.0
2023-11-12,Charlotte Hornets,107.0,New York Knicks,129.0
2023-11-12,Washington Wizards,94.0,Brooklyn Nets,102.0
2023-11-12,Memphis Grizzlies,105.0,Los Angeles Clippers,101.0
2023-11-12,Indiana Pacers,126.0,Philadelphia 76ers,137.0
2023-11-12,Detroit Pistons,108.0,Chicago Bulls,119.0
2023-11-12,Denver Nuggets,104.0,Houston Rockets,107.0
2023-11-12,Dallas Mavericks,136.0,New Orleans Pelicans,124.0
2023-11-12,Miami Heat,118.0,San Antonio Spurs,113.0
2023-11-12,Oklahoma City Thunder,111.0,Phoenix Suns,99.0
2023-11-12,Minnesota Timberwolves,116.0,Golden State Warriors,110.0
2023-11-12,Portland Trail Blazers,110.0,Los Angeles Lakers,116.0
2023-11-13,New York Knicks,98.0,Boston Celtics,114.0
2023-11-13,Washington Wizards,107.0,Toronto Raptors,111.0
2023-11-13,Chicago Bulls,109.0,Milwaukee Bucks,118.0
2023-11-13,Cleveland Cavaliers,120.0,Sacramento Kings,132.0
2023-11-14,Miami Heat,111.0,Charlotte Hornets,105.0
2023-11-14,Atlanta Hawks,126.0,Detroit Pistons,120.0
2023-11-14,Indiana Pacers,132.0,Philadelphia 76ers,126.0
2023-11-14,Orlando Magic,104.0,Brooklyn Nets,124.0
2023-11-14,San Antonio Spurs,87.0,Oklahoma City Thunder,123.0
2023-11-14,Dallas Mavericks,110.0,New Orleans Pelicans,131.0
2023-11-14,Portland Trail Blazers,99.0,Utah Jazz,115.0
2023-11-14,Los Angeles Clippers,108.0,Denver Nuggets,111.0
2023-11-14,Minnesota Timberwolves,104.0,Golden State Warriors,101.0
2023-11-14,Memphis Grizzlies,107.0,Los Angeles Lakers,134.0
2023-11-15,Dallas Mavericks,130.0,Washington Wizards,117.0
2023-11-15,New York Knicks,116.0,Atlanta Hawks,114.0
2023-11-15,Boston Celtics,117.0,Philadelphia 76ers,107.0
2023-11-15,Milwaukee Bucks,128.0,Toronto Raptors,112.0
2023-11-15,Orlando Magic,96.0,Chicago Bulls,94.0
2023-11-15,Minnesota Timberwolves,115.0,Phoenix Suns,133.0
2023-11-15,Sacramento Kings,125.0,Los Angeles Lakers,110.0
2023-11-15,Cleveland Cavaliers,109.0,Portland Trail Blazers,95.0
2023-11-16,Brooklyn Nets,115.0,Miami Heat,122.0
2023-11-16,Oklahoma City Thunder,128.0,Golden State Warriors,109.0
2023-11-17,Milwaukee Bucks,130.0,Charlotte Hornets,99.0
2023-11-17,New York Knicks,120.0,Washington Wizards,99.0
2023-11-17,Philadelphia 76ers,126.0,Atlanta Hawks,116.0
2023-11-17,Detroit Pistons,100.0,Cleveland Cavaliers,108.0
2023-11-17,Sacramento Kings,129.0,San Antonio Spurs,120.0
2023-11-17,Boston Celtics,108.0,Toronto Raptors,105.0
2023-11-17,Orlando Magic,103.0,Chicago Bulls,97.0
2023-11-17,Denver Nuggets,110.0,New Orleans Pelicans,115.0
2023-11-17,Los Angeles Lakers,107.0,Portland Trail Blazers,95.0
2023-11-17,Phoenix Suns,131.0,Utah Jazz,128.0
2023-11-17,Houston Rockets,100.0,Los Angeles Clippers,106.0
2023-11-18,New York Knicks,122.0,Charlotte Hornets,108.0
2023-11-18,Minnesota Timberwolves,121.0,New Orleans Pelicans,120.0
2023-11-18,Miami Heat,97.0,Chicago Bulls,102.0
2023-11-18,Dallas Mavericks,125.0,Milwaukee Bucks,132.0
2023-11-18,Memphis Grizzlies,120.0,San Antonio Spurs,108.0
2023-11-18,Oklahoma City Thunder,130.0,Golden State Warriors,123.0
2023-11-19,Philadelphia 76ers,121.0,Brooklyn Nets,99.0
2023-11-19,Detroit Pistons,113.0,Toronto Raptors,142.0
2023-11-19,Orlando Magic,128.0,Indiana Pacers,116.0
2023-11-19,Denver Nuggets,109.0,Cleveland Cavaliers,121.0
2023-11-19,Sacramento Kings,129.0,Dallas Mavericks,113.0
2023-11-19,Boston Celtics,102.0,Memphis Grizzlies,100.0
2023-11-19,Phoenix Suns,140.0,Utah Jazz,137.0
2023-11-19,Oklahoma City Thunder,134.0,Portland Trail Blazers,91.0
2023-11-19,Houston Rockets,104.0,Los Angeles Lakers,105.0
2023-11-20,Boston Celtics,118.0,Charlotte Hornets,121.0
2023-11-20,Denver Nuggets,107.0,Detroit Pistons,103.0
2023-11-20,Milwaukee Bucks,142.0,Washington Wizards,129.0
2023-11-20,Miami Heat,118.0,Chicago Bulls,100.0
2023-11-20,New York Knicks,100.0,Minnesota Timberwolves,117.0
2023-11-20,Sacramento Kings,93.0,New Orleans Pelicans,129.0
2023-11-20,Los Angeles Clippers,124.0,San Antonio Spurs,99.0
2023-11-20,Houston Rockets,116.0,Golden State Warriors,121.0
2023-11-21,Toronto Raptors,107.0,Orlando Magic,126.0
2023-11-21,Indiana Pacers,157.0,Atlanta Hawks,152.0
2023-11-21,Cleveland Cavaliers,122.0,Philadelphia 76ers,119.0
2023-11-21,Portland Trail Blazers,107.0,Phoenix Suns,120.0
2023-11-21,Utah Jazz,99.0,Los Angeles Lakers,131.0
2023-11-22,Washington Wizards,114.0,Charlotte Hornets,117.0
2023-11-22,Denver Nuggets,119.0,Orlando Magic,124.0
2023-11-22,Brooklyn Nets,145.0,Atlanta Hawks,147.0
2023-11-22,Milwaukee Bucks,116.0,Boston Celtics,119.0
2023-11-22,Miami Heat,129.0,Cleveland Cavaliers,96.0
2023-11-22,Toronto Raptors,132.0,Indiana Pacers,131.0
2023-11-22,Memphis Grizzlies,91.0,Houston Rockets,111.0
2023-11-22,Philadelphia 76ers,99.0,Minnesota Timberwolves,112.0
2023-11-22,Sacramento Kings,112.0,New Orleans Pelicans,117.0
2023-11-22,Chicago Bulls,102.0,Oklahoma City Thunder,116.0
2023-11-22,Los Angeles Clippers,109.0,San Antonio Spurs,102.0
2023-11-22,Golden State Warriors,115.0,Phoenix Suns,123.0
2023-11-22,Utah Jazz,105.0,Portland Trail Blazers,121.0
2023-11-22,Dallas Mavericks,104.0,Los Angeles Lakers,101.0
2023-11-24,Boston Celtics,96.0,Orlando Magic,113.0
2023-11-24,Phoenix Suns,110.0,Memphis Grizzlies,89.0
2023-11-24,Miami Heat,98.0,New York Knicks,100.0
2023-11-24,Chicago Bulls,108.0,Toronto Raptors,121.0
2023-11-24,Denver Nuggets,86.0,Houston Rockets,105.0
2023-11-24,Detroit Pistons,113.0,Indiana Pacers,136.0
2023-11-24,Washington Wizards,128.0,Milwaukee Bucks,131.0
2023-11-24,Sacramento Kings,124.0,Minnesota Timberwolves,111.0
2023-11-24,San Antonio Spurs,112.0,Golden State Warriors,118.0
2023-11-24,New Orleans Pelicans,116.0,Los Angeles Clippers,106.0
2023-11-25,Philadelphia 76ers,127.0,Oklahoma City Thunder,123.0
2023-11-25,Miami Heat,97.0,Brooklyn Nets,112.0
2023-11-25,Atlanta Hawks,136.0,Washington Wizards,108.0
2023-11-25,Los Angeles Lakers,121.0,Cleveland Cavaliers,115.0
2023-11-25,New Orleans Pelicans,100.0,Utah Jazz,105.0
2023-11-25,Dallas Mavericks,88.0,Los Angeles Clippers,107.0
2023-11-26,Portland Trail Blazers,102.0,Milwaukee Bucks,108.0
2023-11-26,Atlanta Hawks,103.0,Boston Celtics,113.0
2023-11-26,Minnesota Timberwolves,119.0,Memphis Grizzlies,97.0
2023-11-26,Phoenix Suns,116.0,New York Knicks,113.0
2023-11-26,Charlotte Hornets,117.0,Orlando Magic,130.0
2023-11-26,Chicago Bulls,109.0,Brooklyn Nets,118.0
2023-11-26,Toronto Raptors,102.0,Cleveland Cavaliers,105.0
2023-11-26,San Antonio Spurs,120.0,Denver Nuggets,132.0
2023-11-27,Washington Wizards,126.0,Detroit Pistons,107.0
2023-11-27,Portland Trail Blazers,114.0,Indiana Pacers,110.0
2023-11-27,Los Angeles Lakers,94.0,Philadelphia 76ers,138.0
2023-11-27,New Orleans Pelicans,112.0,Utah Jazz,114.0
2023-11-27,Denver Nuggets,113.0,Los Angeles Clippers,104.0
2023-11-28,Chicago Bulls,97.0,Boston Celtics,124.0
2023-11-28,Toronto Raptors,103.0,Brooklyn Nets,115.0
2023-11-28,Atlanta Hawks,105.0,Cleveland Cavaliers,128.0
2023-11-28,Milwaukee Bucks,131.0,Miami Heat,124.0
2023-11-28,Charlotte Hornets,91.0,New York Knicks,115.0
2023-11-28,Oklahoma City Thunder,103.0,Minnesota Timberwolves,106.0
2023-11-28,Houston Rockets,115.0,Dallas Mavericks,121.0
2023-11-28,Golden State Warriors,123.0,Sacramento Kings,124.0
2023-11-29,Los Angeles Lakers,133.0,Detroit Pistons,107.0
2023-11-29,Washington Wizards,120.0,Orlando Magic,139.0
2023-11-29,Phoenix Suns,105.0,Toronto Raptors,112.0
2023-11-29,Utah Jazz,91.0,Memphis Grizzlies,105.0
2023-11-29,Philadelphia 76ers,114.0,New Orleans Pelicans,124.0
2023-11-29,Houston Rockets,124.0,Denver Nuggets,134.0
2023-11-29,Los Angeles Clippers,131.0,Sacramento Kings,117.0
2023-11-30,Portland Trail Blazers,103.0,Cleveland Cavaliers,95.0
2023-11-30,Charlotte Hornets,129.0,Brooklyn Nets,128.0
2023-11-30,Indiana Pacers,132.0,Miami Heat,142.0
2023-11-30,Detroit Pistons,112.0,New York Knicks,118.0
2023-11-30,Milwaukee Bucks,113.0,Chicago Bulls,120.0
2023-11-30,Utah Jazz,90.0,Minnesota Timberwolves,101.0
2023-11-30,Los Angeles Lakers,110.0,Oklahoma City Thunder,133.0
2023-11-30,Atlanta Hawks,137.0,San Antonio Spurs,135.0
2023-11-30,Los Angeles Clippers,114.0,Golden State Warriors,120.0
2023-12-01,Washington Wizards,125.0,Orlando Magic,130.0
2023-12-01,Philadelphia 76ers,119.0,Boston Celtics,125.0
2023-12-01,Memphis Grizzlies,108.0,Dallas Mavericks,94.0
2023-12-01,New York Knicks,119.0,Toronto Raptors,106.0
2023-12-01,San Antonio Spurs,106.0,New Orleans Pelicans,121.0
2023-12-01,Denver Nuggets,119.0,Phoenix Suns,111.0
2023-12-02,Golden State Warriors,112.0,Los Angeles Clippers,113.0
2023-12-02,Minnesota Timberwolves,123.0,Charlotte Hornets,117.0
2023-12-02,Orlando Magic,101.0,Brooklyn Nets,129.0
2023-12-02,Cleveland Cavaliers,110.0,Detroit Pistons,101.0
2023-12-02,New Orleans Pelicans,118.0,Chicago Bulls,124.0
2023-12-02,Indiana Pacers,144.0,Miami Heat,129.0
2023-12-02,Atlanta Hawks,121.0,Milwaukee Bucks,132.0
2023-12-02,Oklahoma City Thunder,126.0,Dallas Mavericks,120.0
2023-12-02,Memphis Grizzlies,109.0,Phoenix Suns,116.0
2023-12-02,Portland Trail Blazers,113.0,Utah Jazz,118.0
2023-12-02,Denver Nuggets,117.0,Sacramento Kings,123.0
2023-12-02,Houston Rockets,97.0,Los Angeles Lakers,107.0
2023-12-04,Boston Celtics,112.0,Indiana Pacers,122.0
2023-12-04,New Orleans Pelicans,127.0,Sacramento Kings,117.0
2023-12-05,New York Knicks,122.0,Milwaukee Bucks,146.0
2023-12-05,Phoenix Suns,103.0,Los Angeles Lakers,106.0
2023-12-06,Orlando Magic,111.0,Cleveland Cavaliers,121.0
2023-12-06,Memphis Grizzlies,116.0,Detroit Pistons,102.0
2023-12-06,Philadelphia 76ers,131.0,Washington Wizards,126.0
2023-12-06,Brooklyn Nets,114.0,Atlanta Hawks,113.0
2023-12-06,San Antonio Spurs,94.0,Minnesota Timberwolves,102.0
2023-12-06,Miami Heat,112.0,Toronto Raptors,103.0
2023-12-06,Charlotte Hornets,100.0,Chicago Bulls,111.0
2023-12-06,Oklahoma City Thunder,101.0,Houston Rockets,110.0
2023-12-06,Utah Jazz,97.0,Dallas Mavericks,147.0
2023-12-06,Portland Trail Blazers,106.0,Golden State Warriors,110.0
2023-12-06,Denver Nuggets,102.0,Los Angeles Clippers,111.0
2023-12-07,Indiana Pacers,128.0,Milwaukee Bucks,119.0
2023-12-07,New Orleans Pelicans,89.0,Los Angeles Lakers,133.0
2023-12-08,Toronto Raptors,116.0,Charlotte Hornets,119.0
2023-12-08,Detroit Pistons,91.0,Orlando Magic,123.0
2023-12-08,Atlanta Hawks,114.0,Philadelphia 76ers,125.0
2023-12-08,New York Knicks,123.0,Boston Celtics,133.0
2023-12-08,Washington Wizards,97.0,Brooklyn Nets,124.0
2023-12-08,Minnesota Timberwolves,127.0,Memphis Grizzlies,103.0
2023-12-08,Cleveland Cavaliers,111.0,Miami Heat,99.0
2023-12-08,Golden State Warriors,136.0,Oklahoma City Thunder,138.0
2023-12-08,Chicago Bulls,121.0,San Antonio Spurs,112.0
2023-12-08,Houston Rockets,114.0,Denver Nuggets,106.0
2023-12-08,Sacramento Kings,114.0,Phoenix Suns,106.0
2023-12-08,Dallas Mavericks,125.0,Portland Trail Blazers,112.0
2023-12-08,Los Angeles Clippers,117.0,Utah Jazz,103.0
2023-12-09,Indiana Pacers,109.0,Los Angeles Lakers,123.0
2023-12-11,Miami Heat,116.0,Charlotte Hornets,114.0
2023-12-11,Indiana Pacers,131.0,Detroit Pistons,123.0
2023-12-11,Cleveland Cavaliers,94.0,Orlando Magic,104.0
2023-12-11,Washington Wizards,101.0,Philadelphia 76ers,146.0
2023-12-11,Denver Nuggets,129.0,Atlanta Hawks,122.0
2023-12-11,Toronto Raptors,130.0,New York Knicks,136.0
2023-12-11,San Antonio Spurs,82.0,Houston Rockets,93.0
2023-12-11,Dallas Mavericks,120.0,Memphis Grizzlies,113.0
2023-12-11,Chicago Bulls,129.0,Milwaukee Bucks,133.0
2023-12-11,Minnesota Timberwolves,107.0,New Orleans Pelicans,121.0
2023-12-11,Utah Jazz,120.0,Oklahoma City Thunder,134.0
2023-12-11,Brooklyn Nets,118.0,Sacramento Kings,131.0
2023-12-11,Portland Trail Blazers,127.0,Los Angeles Clippers,132.0
2023-12-12,Cleveland Cavaliers,113.0,Boston Celtics,120.0
2023-12-12,Los Angeles Lakers,125.0,Dallas Mavericks,127.0
2023-12-12,Denver Nuggets,114.0,Chicago Bulls,106.0
2023-12-12,Golden State Warriors,116.0,Phoenix Suns,119.0
2023-12-12,Sacramento Kings,99.0,Los Angeles Clippers,119.0
2023-12-13,Philadelphia 76ers,129.0,Detroit Pistons,111.0
2023-12-13,New Orleans Pelicans,142.0,Washington Wizards,122.0
2023-12-13,Charlotte Hornets,104.0,Miami Heat,115.0
2023-12-13,Atlanta Hawks,128.0,Toronto Raptors,135.0
2023-12-13,Memphis Grizzlies,104.0,Houston Rockets,117.0
2023-12-13,Indiana Pacers,126.0,Milwaukee Bucks,140.0
2023-12-13,Los Angeles Lakers,122.0,San Antonio Spurs,119.0
2023-12-13,Brooklyn Nets,116.0,Phoenix Suns,112.0
2023-12-13,New York Knicks,113.0,Utah Jazz,117.0
2023-12-14,Cleveland Cavaliers,107.0,Boston Celtics,116.0
2023-12-14,Chicago Bulls,124.0,Miami Heat,116.0
2023-12-14,Minnesota Timberwolves,119.0,Dallas Mavericks,101.0
2023-12-14,Brooklyn Nets,101.0,Denver Nuggets,124.0
2023-12-14,Utah Jazz,122.0,Portland Trail Blazers,114.0
2023-12-14,Oklahoma City Thunder,123.0,Sacramento Kings,128.0
2023-12-14,Golden State Warriors,113.0,Los Angeles Clippers,121.0
2023-12-15,New Orleans Pelicans,112.0,Charlotte Hornets,107.0
2023-12-15,Detroit Pistons,92.0,Philadelphia 76ers,124.0
2023-12-15,Indiana Pacers,123.0,Washington Wizards,137.0
2023-12-15,Orlando Magic,111.0,Boston Celtics,128.0
2023-12-15,Los Angeles Lakers,115.0,San Antonio Spurs,129.0
2023-12-15,Atlanta Hawks,125.0,Toronto Raptors,104.0
2023-12-15,Houston Rockets,103.0,Memphis Grizzlies,96.0
2023-12-15,New York Knicks,139.0,Phoenix Suns,122.0
2023-12-16,Detroit Pistons,114.0,Milwaukee Bucks,146.0
2023-12-16,Philadelphia 76ers,135.0,Charlotte Hornets,82.0
2023-12-16,Atlanta Hawks,119.0,Cleveland Cavaliers,127.0
2023-12-16,Chicago Bulls,116.0,Miami Heat,118.0
2023-12-16,Indiana Pacers,109.0,Minnesota Timberwolves,127.0
2023-12-16,Brooklyn Nets,120.0,Golden State Warriors,124.0
2023-12-16,Oklahoma City Thunder,118.0,Denver Nuggets,117.0
2023-12-16,Dallas Mavericks,131.0,Portland Trail Blazers,120.0
2023-12-16,Utah Jazz,104.0,Sacramento Kings,125.0
2023-12-16,New York Knicks,122.0,Los Angeles Clippers,144.0
2023-12-17,Orlando Magic,97.0,Boston Celtics,114.0
2023-12-17,New Orleans Pelicans,146.0,San Antonio Spurs,110.0
2023-12-17,Houston Rockets,119.0,Milwaukee Bucks,128.0
2023-12-17,Washington Wizards,108.0,Phoenix Suns,112.0
2023-12-17,Golden State Warriors,118.0,Portland Trail Blazers,114.0
2023-12-18,Houston Rockets,130.0,Cleveland Cavaliers,135.0
2023-12-18,Los Angeles Clippers,151.0,Indiana Pacers,127.0
2023-12-18,Chicago Bulls,108.0,Philadelphia 76ers,104.0
2023-12-18,Detroit Pistons,124.0,Atlanta Hawks,130.0
2023-12-18,Minnesota Timberwolves,112.0,Miami Heat,108.0
2023-12-18,Charlotte Hornets,99.0,Toronto Raptors,114.0
2023-12-18,Memphis Grizzlies,97.0,Oklahoma City Thunder,116.0
2023-12-18,Dallas Mavericks,104.0,Denver Nuggets,130.0
2023-12-18,Brooklyn Nets,108.0,Utah Jazz,125.0
2023-12-18,Washington Wizards,131.0,Sacramento Kings,143.0
2023-12-18,New York Knicks,114.0,Los Angeles Lakers,109.0
2023-12-19,Memphis Grizzlies,115.0,New Orleans Pelicans,113.0
2023-12-19,San Antonio Spurs,119.0,Milwaukee Bucks,132.0
2023-12-19,Boston Celtics,126.0,Golden State Warriors,132.0
2023-12-19,Phoenix Suns,104.0,Portland Trail Blazers,109.0
2023-12-20,Utah Jazz,116.0,Cleveland Cavaliers,124.0
2023-12-20,Charlotte Hornets,113.0,Indiana Pacers,144.0
2023-12-20,Miami Heat,115.0,Orlando Magic,106.0
2023-12-20,Minnesota Timberwolves,113.0,Philadelphia 76ers,127.0
2023-12-20,New York Knicks,121.0,Brooklyn Nets,102.0
2023-12-20,Denver Nuggets,113.0,Toronto Raptors,104.0
2023-12-20,Los Angeles Lakers,108.0,Chicago Bulls,124.0
2023-12-20,Atlanta Hawks,134.0,Houston Rockets,127.0
2023-12-20,Los Angeles Clippers,120.0,Dallas Mavericks,111.0
2023-12-20,Boston Celtics,144.0,Sacramento Kings,119.0
2023-12-21,Utah Jazz,119.0,Detroit Pistons,111.0
2023-12-21,New Orleans Pelicans,123.0,Cleveland Cavaliers,104.0
2023-12-21,San Antonio Spurs,95.0,Chicago Bulls,114.0
2023-12-21,Indiana Pacers,103.0,Memphis Grizzlies,116.0
2023-12-21,Orlando Magic,114.0,Milwaukee Bucks,118.0
2023-12-21,Los Angeles Clippers,115.0,Oklahoma City Thunder,134.0
2023-12-21,Los Angeles Lakers,111.0,Minnesota Timberwolves,118.0
2023-12-21,Washington Wizards,118.0,Portland Trail Blazers,117.0
2023-12-22,Toronto Raptors,111.0,Philadelphia 76ers,121.0
2023-12-22,Denver Nuggets,122.0,Brooklyn Nets,117.0
2023-12-22,Dallas Mavericks,96.0,Houston Rockets,122.0
2023-12-22,Atlanta Hawks,113.0,Miami Heat,122.0
2023-12-22,Washington Wizards,118.0,Golden State Warriors,129.0
2023-12-22,Phoenix Suns,105.0,Sacramento Kings,120.0
2023-12-23,Milwaukee Bucks,130.0,New York Knicks,111.0
2023-12-23,Boston Celtics,145.0,Los Angeles Clippers,108.0
2023-12-23,Denver Nuggets,102.0,Charlotte Hornets,95.0
2023-12-23,Orlando Magic,117.0,Indiana Pacers,110.0
2023-12-23,Houston Rockets,106.0,New Orleans Pelicans,104.0
2023-12-23,Memphis Grizzlies,125.0,Atlanta Hawks,119.0
2023-12-23,Detroit Pistons,115.0,Brooklyn Nets,126.0
2023-12-23,Utah Jazz,126.0,Toronto Raptors,119.0
2023-12-23,Cleveland Cavaliers,109.0,Chicago Bulls,95.0
2023-12-23,Los Angeles Lakers,129.0,Oklahoma City Thunder,120.0
2023-12-23,San Antonio Spurs,119.0,Dallas Mavericks,144.0
2023-12-23,Portland Trail Blazers,106.0,Golden State Warriors,126.0
2023-12-23,Minnesota Timberwolves,110.0,Sacramento Kings,98.0
2023-12-25,Milwaukee Bucks,122.0,New York Knicks,129.0
2023-12-25,Golden State Warriors,114.0,Denver Nuggets,120.0
2023-12-25,Boston Celtics,126.0,Los Angeles Lakers,115.0
2023-12-25,Philadelphia 76ers,113.0,Miami Heat,119.0
2023-12-25,Dallas Mavericks,128.0,Phoenix Suns,114.0
2023-12-26,Brooklyn Nets,118.0,Detroit Pistons,112.0
2023-12-26,Orlando Magic,127.0,Washington Wizards,119.0
2023-12-26,Atlanta Hawks,113.0,Chicago Bulls,118.0
2023-12-26,Indiana Pacers,123.0,Houston Rockets,117.0
2023-12-26,Memphis Grizzlies,116.0,New Orleans Pelicans,115.0
2023-12-26,Minnesota Timberwolves,106.0,Oklahoma City Thunder,129.0
2023-12-26,Utah Jazz,130.0,San Antonio Spurs,118.0
2023-12-26,Sacramento Kings,113.0,Portland Trail Blazers,130.0
2023-12-26,Charlotte Hornets,104.0,Los Angeles Clippers,113.0
2023-12-27,Philadelphia 76ers,112.0,Orlando Magic,92.0
2023-12-27,Toronto Raptors,132.0,Washington Wizards,102.0
2023-12-27,Milwaukee Bucks,144.0,Brooklyn Nets,122.0
2023-12-27,Phoenix Suns,129.0,Houston Rockets,113.0
2023-12-27,New York Knicks,120.0,Oklahoma City Thunder,129.0
2023-12-27,Cleveland Cavaliers,113.0,Dallas Mavericks,110.0
2023-12-28,Detroit Pistons,122.0,Boston Celtics,128.0
2023-12-28,Indiana Pacers,120.0,Chicago Bulls,104.0
2023-12-28,Dallas Mavericks,110.0,Minnesota Timberwolves,118.0
2023-12-28,Utah Jazz,105.0,New Orleans Pelicans,112.0
2023-12-28,Memphis Grizzlies,105.0,Denver Nuggets,142.0
2023-12-28,Miami Heat,114.0,Golden State Warriors,102.0
2023-12-28,San Antonio Spurs,118.0,Portland Trail Blazers,105.0
2023-12-28,Charlotte Hornets,112.0,Los Angeles Lakers,133.0
2023-12-29,New York Knicks,108.0,Orlando Magic,117.0
2023-12-29,Brooklyn Nets,104.0,Washington Wizards,110.0
2023-12-29,Sacramento Kings,117.0,Atlanta Hawks,110.0
2023-12-29,Toronto Raptors,118.0,Boston Celtics,120.0
2023-12-29,Milwaukee Bucks,119.0,Cleveland Cavaliers,111.0
2023-12-29,Philadelphia 76ers,131.0,Houston Rockets,127.0
2023-12-29,Oklahoma City Thunder,119.0,Denver Nuggets,93.0
2023-12-29,Charlotte Hornets,119.0,Phoenix Suns,133.0
2023-12-29,San Antonio Spurs,128.0,Portland Trail Blazers,134.0
2023-12-29,Memphis Grizzlies,106.0,Los Angeles Clippers,117.0
2023-12-30,Miami Heat,109.0,Utah Jazz,117.0
2023-12-30,Toronto Raptors,127.0,Detroit Pistons,129.0
2023-12-30,New York Knicks,126.0,Indiana Pacers,140.0
2023-12-30,Philadelphia 76ers,92.0,Chicago Bulls,105.0
2023-12-30,Los Angeles Lakers,106.0,Minnesota Timberwolves,108.0
2023-12-30,Dallas Mavericks,132.0,Golden State Warriors,122.0
2023-12-31,Atlanta Hawks,130.0,Washington Wizards,126.0
2023-12-31,Los Angeles Lakers,109.0,New Orleans Pelicans,129.0
2023-12-31,Brooklyn Nets,108.0,Oklahoma City Thunder,124.0
2023-12-31,Boston Celtics,134.0,San Antonio Spurs,101.0
2023-12-31,Sacramento Kings,123.0,Memphis Grizzlies,92.0
2023-12-31,Orlando Magic,107.0,Phoenix Suns,112.0
2024-01-01,Minnesota Timberwolves,106.0,New York Knicks,112.0
2024-01-01,Cleveland Cavaliers,121.0,Toronto Raptors,124.0
2024-01-01,Detroit Pistons,113.0,Houston Rockets,136.0
2024-01-01,Indiana Pacers,122.0,Milwaukee Bucks,113.0
2024-01-01,Charlotte Hornets,93.0,Denver Nuggets,111.0
2024-01-01,Portland Trail Blazers,88.0,Phoenix Suns,109.0
2024-01-01,Dallas Mavericks,90.0,Utah Jazz,127.0
2024-01-01,Miami Heat,104.0,Los Angeles Clippers,121.0
2024-01-02,Chicago Bulls,97.0,Philadelphia 76ers,110.0
2024-01-02,San Antonio Spurs,98.0,Memphis Grizzlies,106.0
2024-01-02,Brooklyn Nets,85.0,New Orleans Pelicans,112.0
2024-01-02,Boston Celtics,123.0,Oklahoma City Thunder,127.0
2024-01-02,Orlando Magic,115.0,Golden State Warriors,121.0
2024-01-02,Charlotte Hornets,111.0,Sacramento Kings,104.0
2024-01-03,Washington Wizards,101.0,Cleveland Cavaliers,140.0
2024-01-03,Milwaukee Bucks,130.0,Indiana Pacers,142.0
2024-01-03,Oklahoma City Thunder,138.0,Atlanta Hawks,141.0
2024-01-03,Brooklyn Nets,101.0,Houston Rockets,112.0
2024-01-03,Toronto Raptors,116.0,Memphis Grizzlies,111.0
2024-01-03,New Orleans Pelicans,117.0,Minnesota Timberwolves,106.0
2024-01-03,Portland Trail Blazers,97.0,Dallas Mavericks,126.0
2024-01-03,Chicago Bulls,100.0,New York Knicks,116.0
2024-01-03,Los Angeles Clippers,131.0,Phoenix Suns,122.0
2024-01-03,Detroit Pistons,148.0,Utah Jazz,154.0
2024-01-03,Miami Heat,110.0,Los Angeles Lakers,96.0
2024-01-03,Orlando Magic,135.0,Sacramento Kings,138.0
2024-01-04,Milwaukee Bucks,125.0,San Antonio Spurs,121.0
2024-01-04,Denver Nuggets,130.0,Golden State Warriors,127.0
2024-01-05,Utah Jazz,97.0,Boston Celtics,126.0
2024-01-05,Atlanta Hawks,116.0,Indiana Pacers,150.0
2024-01-05,Oklahoma City Thunder,115.0,Brooklyn Nets,124.0
2024-01-05,Washington Wizards,90.0,Cleveland Cavaliers,114.0
2024-01-05,New York Knicks,128.0,Philadelphia 76ers,92.0
2024-01-05,Charlotte Hornets,91.0,Chicago Bulls,104.0
2024-01-05,Minnesota Timberwolves,122.0,Houston Rockets,95.0
2024-01-05,Los Angeles Clippers,111.0,New Orleans Pelicans,95.0
2024-01-05,Portland Trail Blazers,103.0,Dallas Mavericks,139.0
2024-01-05,Orlando Magic,122.0,Denver Nuggets,120.0
2024-01-05,Miami Heat,97.0,Phoenix Suns,113.0
2024-01-05,Detroit Pistons,109.0,Golden State Warriors,113.0
2024-01-05,Memphis Grizzlies,127.0,Los Angeles Lakers,113.0
2024-01-05,Toronto Raptors,130.0,Sacramento Kings,135.0
2024-01-06,Boston Celtics,118.0,Indiana Pacers,101.0
2024-01-06,New York Knicks,121.0,Washington Wizards,105.0
2024-01-06,Utah Jazz,120.0,Philadelphia 76ers,109.0
2024-01-06,Milwaukee Bucks,108.0,Houston Rockets,112.0
2024-01-07,San Antonio Spurs,115.0,Cleveland Cavaliers,117.0
2024-01-07,Portland Trail Blazers,134.0,Brooklyn Nets,127.0
2024-01-07,Atlanta Hawks,110.0,Orlando Magic,117.0
2024-01-07,New Orleans Pelicans,133.0,Sacramento Kings,100.0
2024-01-07,Minnesota Timberwolves,108.0,Dallas Mavericks,115.0
2024-01-07,Detroit Pistons,114.0,Denver Nuggets,131.0
2024-01-07,Memphis Grizzlies,121.0,Phoenix Suns,115.0
2024-01-07,Toronto Raptors,133.0,Golden State Warriors,118.0
2024-01-07,Los Angeles Clippers,103.0,Los Angeles Lakers,106.0
2024-01-08,Chicago Bulls,119.0,Charlotte Hornets,112.0
2024-01-08,Boston Celtics,131.0,Indiana Pacers,133.0
2024-01-08,Oklahoma City Thunder,136.0,Washington Wizards,128.0
2024-01-08,Houston Rockets,113.0,Miami Heat,120.0
2024-01-08,Utah Jazz,132.0,Milwaukee Bucks,116.0
2024-01-08,Phoenix Suns,111.0,Los Angeles Clippers,138.0
2024-01-09,Sacramento Kings,131.0,Detroit Pistons,110.0
2024-01-09,Minnesota Timberwolves,113.0,Orlando Magic,92.0
2024-01-09,Portland Trail Blazers,84.0,New York Knicks,112.0
2024-01-09,Memphis Grizzlies,120.0,Dallas Mavericks,103.0
2024-01-09,Toronto Raptors,131.0,Los Angeles Lakers,132.0
2024-01-10,Minnesota Timberwolves,120.0,Boston Celtics,127.0
2024-01-10,Sacramento Kings,123.0,Charlotte Hornets,98.0
2024-01-10,San Antonio Spurs,130.0,Detroit Pistons,108.0
2024-01-10,Washington Wizards,104.0,Indiana Pacers,112.0
2024-01-10,Philadelphia 76ers,132.0,Atlanta Hawks,139.0
2024-01-10,Oklahoma City Thunder,128.0,Miami Heat,120.0
2024-01-10,Houston Rockets,119.0,Chicago Bulls,124.0
2024-01-10,New Orleans Pelicans,141.0,Golden State Warriors,105.0
2024-01-10,Denver Nuggets,111.0,Utah Jazz,124.0
2024-01-10,Toronto Raptors,120.0,Los Angeles Clippers,126.0
2024-01-11,Brooklyn Nets,102.0,Cleveland Cavaliers,111.0
2024-01-11,Boston Celtics,102.0,Milwaukee Bucks,135.0
2024-01-11,Portland Trail Blazers,77.0,Oklahoma City Thunder,139.0
2024-01-11,New York Knicks,124.0,Dallas Mavericks,128.0
2024-01-11,Phoenix Suns,127.0,Los Angeles Lakers,109.0
2024-01-12,Indiana Pacers,126.0,Atlanta Hawks,108.0
2024-01-12,Houston Rockets,112.0,Detroit Pistons,110.0
2024-01-12,Sacramento Kings,93.0,Philadelphia 76ers,112.0
2024-01-12,Golden State Warriors,140.0,Chicago Bulls,131.0
2024-01-12,Los Angeles Clippers,128.0,Memphis Grizzlies,119.0
2024-01-12,Orlando Magic,96.0,Miami Heat,99.0
2024-01-12,Portland Trail Blazers,93.0,Minnesota Timberwolves,116.0
2024-01-12,Charlotte Hornets,99.0,San Antonio Spurs,135.0
2024-01-12,Toronto Raptors,113.0,Utah Jazz,145.0
2024-01-12,New Orleans Pelicans,113.0,Denver Nuggets,125.0
2024-01-13,Houston Rockets,113.0,Boston Celtics,145.0
2024-01-13,Washington Wizards,127.0,Atlanta Hawks,99.0
2024-01-13,New York Knicks,106.0,Memphis Grizzlies,94.0
2024-01-13,Golden State Warriors,118.0,Milwaukee Bucks,129.0
2024-01-13,Orlando Magic,100.0,Oklahoma City Thunder,112.0
2024-01-13,New Orleans Pelicans,118.0,Dallas Mavericks,108.0
2024-01-13,Chicago Bulls,122.0,San Antonio Spurs,116.0
2024-01-13,Los Angeles Lakers,125.0,Utah Jazz,132.0
2024-01-14,Indiana Pacers,109.0,Denver Nuggets,117.0
2024-01-14,Charlotte Hornets,87.0,Miami Heat,104.0
2024-01-14,Sacramento Kings,142.0,Milwaukee Bucks,143.0
2024-01-14,Los Angeles Clippers,105.0,Minnesota Timberwolves,109.0
2024-01-14,Phoenix Suns,127.0,Portland Trail Blazers,116.0
2024-01-15,Houston Rockets,115.0,Philadelphia 76ers,124.0
2024-01-15,New Orleans Pelicans,120.0,Dallas Mavericks,125.0
2024-01-15,Orlando Magic,98.0,New York Knicks,94.0
2024-01-15,Detroit Pistons,129.0,Washington Wizards,117.0
2024-01-15,San Antonio Spurs,99.0,Atlanta Hawks,109.0
2024-01-15,Golden State Warriors,107.0,Memphis Grizzlies,116.0
2024-01-15,Chicago Bulls,91.0,Cleveland Cavaliers,109.0
2024-01-15,Miami Heat,96.0,Brooklyn Nets,95.0
2024-01-15,Boston Celtics,105.0,Toronto Raptors,96.0
2024-01-15,Indiana Pacers,105.0,Utah Jazz,132.0
2024-01-15,Oklahoma City Thunder,105.0,Los Angeles Lakers,112.0
2024-01-16,Denver Nuggets,121.0,Philadelphia 76ers,126.0
2024-01-16,Sacramento Kings,117.0,Phoenix Suns,119.0
2024-01-16,Oklahoma City Thunder,117.0,Los Angeles Clippers,128.0
2024-01-17,Minnesota Timberwolves,124.0,Detroit Pistons,117.0
2024-01-17,Orlando Magic,104.0,Atlanta Hawks,106.0
2024-01-17,San Antonio Spurs,98.0,Boston Celtics,117.0
2024-01-17,Milwaukee Bucks,95.0,Cleveland Cavaliers,135.0
2024-01-17,Houston Rockets,94.0,New York Knicks,109.0
2024-01-17,Miami Heat,97.0,Toronto Raptors,121.0
2024-01-17,Charlotte Hornets,112.0,New Orleans Pelicans,132.0
2024-01-17,Dallas Mavericks,110.0,Los Angeles Lakers,127.0
2024-01-17,Brooklyn Nets,103.0,Portland Trail Blazers,105.0
2024-01-18,Washington Wizards,109.0,New York Knicks,113.0
2024-01-18,Chicago Bulls,116.0,Toronto Raptors,110.0
2024-01-18,Oklahoma City Thunder,134.0,Utah Jazz,129.0
2024-01-18,Memphis Grizzlies,103.0,Minnesota Timberwolves,118.0
2024-01-18,Indiana Pacers,126.0,Sacramento Kings,121.0
2024-01-19,San Antonio Spurs,120.0,Charlotte Hornets,124.0
2024-01-19,Philadelphia 76ers,124.0,Orlando Magic,109.0
2024-01-19,Denver Nuggets,102.0,Boston Celtics,100.0
2024-01-19,Atlanta Hawks,109.0,Miami Heat,108.0
2024-01-19,Phoenix Suns,123.0,New Orleans Pelicans,109.0
2024-01-19,Indiana Pacers,115.0,Portland Trail Blazers,118.0
2024-01-19,Brooklyn Nets,130.0,Los Angeles Lakers,112.0
2024-01-20,Milwaukee Bucks,141.0,Detroit Pistons,135.0
2024-01-20,Philadelphia 76ers,97.0,Charlotte Hornets,89.0
2024-01-20,San Antonio Spurs,131.0,Washington Wizards,127.0
2024-01-20,Cleveland Cavaliers,116.0,Atlanta Hawks,95.0
2024-01-20,Toronto Raptors,100.0,New York Knicks,126.0
2024-01-20,Memphis Grizzlies,96.0,Chicago Bulls,125.0
2024-01-20,Utah Jazz,126.0,Houston Rockets,127.0
2024-01-20,Oklahoma City Thunder,102.0,Minnesota Timberwolves,97.0
2024-01-21,Brooklyn Nets,114.0,Los Angeles Clippers,125.0
2024-01-21,Miami Heat,87.0,Orlando Magic,105.0
2024-01-21,Denver Nuggets,113.0,Washington Wizards,104.0
2024-01-21,Boston Celtics,116.0,Houston Rockets,107.0
2024-01-21,Indiana Pacers,110.0,Phoenix Suns,117.0
2024-01-21,Portland Trail Blazers,110.0,Los Angeles Lakers,134.0
2024-01-22,Milwaukee Bucks,122.0,Detroit Pistons,113.0
2024-01-22,Cleveland Cavaliers,126.0,Orlando Magic,99.0
2024-01-22,San Antonio Spurs,123.0,Philadelphia 76ers,133.0
2024-01-22,Memphis Grizzlies,108.0,Toronto Raptors,100.0
2024-01-22,Charlotte Hornets,128.0,Minnesota Timberwolves,125.0
2024-01-22,Boston Celtics,119.0,Dallas Mavericks,110.0
2024-01-22,Chicago Bulls,113.0,Phoenix Suns,115.0
2024-01-22,Atlanta Hawks,107.0,Sacramento Kings,122.0
2024-01-23,Denver Nuggets,114.0,Indiana Pacers,109.0
2024-01-23,New York Knicks,108.0,Brooklyn Nets,103.0
2024-01-23,Utah Jazz,124.0,New Orleans Pelicans,153.0
2024-01-23,Portland Trail Blazers,109.0,Oklahoma City Thunder,111.0
2024-01-23,Los Angeles Lakers,116.0,Los Angeles Clippers,127.0
2024-01-24,Charlotte Hornets,106.0,Detroit Pistons,113.0
2024-01-24,Minnesota Timberwolves,118.0,Washington Wizards,107.0
2024-01-24,Memphis Grizzlies,105.0,Miami Heat,96.0
2024-01-24,Portland Trail Blazers,137.0,Houston Rockets,131.0
2024-01-24,Cleveland Cavaliers,116.0,Milwaukee Bucks,126.0
2024-01-24,Phoenix Suns,132.0,Dallas Mavericks,109.0
2024-01-24,Oklahoma City Thunder,140.0,San Antonio Spurs,114.0
2024-01-24,Atlanta Hawks,112.0,Golden State Warriors,134.0
2024-01-25,Philadelphia 76ers,122.0,Indiana Pacers,134.0
2024-01-25,Utah Jazz,123.0,Washington Wizards,108.0
2024-01-25,Minnesota Timberwolves,96.0,Brooklyn Nets,94.0
2024-01-25,Boston Celtics,143.0,Miami Heat,110.0
2024-01-25,Denver Nuggets,84.0,New York Knicks,122.0
2024-01-25,Sacramento Kings,134.0,Golden State Warriors,133.0
2024-01-25,Chicago Bulls,132.0,Los Angeles Lakers,141.0
2024-01-26,Dallas Mavericks,148.0,Atlanta Hawks,143.0
2024-01-26,Houston Rockets,138.0,Charlotte Hornets,104.0
2024-01-26,Phoenix Suns,131.0,Indiana Pacers,133.0
2024-01-26,Los Angeles Clippers,127.0,Toronto Raptors,107.0
2024-01-26,Orlando Magic,106.0,Memphis Grizzlies,107.0
2024-01-26,Cleveland Cavaliers,112.0,Milwaukee Bucks,100.0
2024-01-26,Oklahoma City Thunder,107.0,New Orleans Pelicans,83.0
2024-01-26,Portland Trail Blazers,100.0,San Antonio Spurs,116.0
2024-01-27,Washington Wizards,118.0,Detroit Pistons,104.0
2024-01-27,Miami Heat,109.0,New York Knicks,125.0
2024-01-27,Philadelphia 76ers,105.0,Denver Nuggets,111.0
2024-01-27,Houston Rockets,104.0,Brooklyn Nets,106.0
2024-01-27,Los Angeles Clippers,115.0,Boston Celtics,96.0
2024-01-27,Utah Jazz,134.0,Charlotte Hornets,122.0
2024-01-27,New Orleans Pelicans,117.0,Milwaukee Bucks,141.0
2024-01-27,Los Angeles Lakers,145.0,Golden State Warriors,144.0
2024-01-27,Minnesota Timberwolves,112.0,San Antonio Spurs,113.0
2024-01-27,Sacramento Kings,120.0,Dallas Mavericks,115.0
2024-01-28,Oklahoma City Thunder,104.0,Detroit Pistons,120.0
2024-01-28,Memphis Grizzlies,110.0,Indiana Pacers,116.0
2024-01-28,Toronto Raptors,125.0,Atlanta Hawks,126.0
2024-01-28,Phoenix Suns,98.0,Orlando Magic,113.0
2024-01-28,Chicago Bulls,104.0,Portland Trail Blazers,96.0
2024-01-29,New York Knicks,113.0,Charlotte Hornets,92.0
2024-01-29,Los Angeles Clippers,108.0,Cleveland Cavaliers,118.0
2024-01-29,New Orleans Pelicans,112.0,Boston Celtics,118.0
2024-01-29,Utah Jazz,114.0,Brooklyn Nets,147.0
2024-01-29,Phoenix Suns,118.0,Miami Heat,105.0
2024-01-29,Los Angeles Lakers,119.0,Houston Rockets,135.0
2024-01-29,Sacramento Kings,103.0,Memphis Grizzlies,94.0
2024-01-29,Minnesota Timberwolves,107.0,Oklahoma City Thunder,101.0
2024-01-29,Washington Wizards,118.0,San Antonio Spurs,113.0
2024-01-29,Orlando Magic,129.0,Dallas Mavericks,131.0
2024-01-29,Milwaukee Bucks,107.0,Denver Nuggets,113.0
2024-01-29,Philadelphia 76ers,104.0,Portland Trail Blazers,130.0
2024-01-30,Los Angeles Lakers,122.0,Atlanta Hawks,138.0
2024-01-30,Indiana Pacers,124.0,Boston Celtics,129.0
2024-01-30,Utah Jazz,103.0,New York Knicks,118.0
2024-01-30,Toronto Raptors,118.0,Chicago Bulls,107.0
2024-01-30,Philadelphia 76ers,107.0,Golden State Warriors,119.0
2024-01-31,Chicago Bulls,117.0,Charlotte Hornets,110.0
2024-01-31,Detroit Pistons,121.0,Cleveland Cavaliers,128.0
2024-01-31,Los Angeles Clippers,125.0,Washington Wizards,109.0
2024-01-31,Sacramento Kings,106.0,Miami Heat,115.0
2024-01-31,New Orleans Pelicans,110.0,Houston Rockets,99.0
2024-01-31,Dallas Mavericks,87.0,Minnesota Timberwolves,121.0
2024-01-31,Denver Nuggets,100.0,Oklahoma City Thunder,105.0
2024-01-31,Orlando Magic,108.0,San Antonio Spurs,98.0
2024-01-31,Phoenix Suns,136.0,Brooklyn Nets,120.0
2024-01-31,Milwaukee Bucks,116.0,Portland Trail Blazers,119.0
2024-02-01,Los Angeles Lakers,114.0,Boston Celtics,105.0
2024-02-01,Indiana Pacers,105.0,New York Knicks,109.0
2024-02-01,Cleveland Cavaliers,108.0,Memphis Grizzlies,101.0
2024-02-01,Philadelphia 76ers,127.0,Utah Jazz,124.0
2024-02-02,Los Angeles Clippers,136.0,Detroit Pistons,125.0
2024-02-02,Miami Heat,110.0,Washington Wizards,102.0
2024-02-02,Phoenix Suns,120.0,Atlanta Hawks,129.0
2024-02-02,Sacramento Kings,133.0,Indiana Pacers,122.0
2024-02-02,Toronto Raptors,106.0,Houston Rockets,135.0
2024-02-02,Golden State Warriors,121.0,Memphis Grizzlies,101.0
2024-02-02,Orlando Magic,108.0,Minnesota Timberwolves,106.0
2024-02-02,Charlotte Hornets,106.0,Oklahoma City Thunder,126.0
2024-02-02,New Orleans Pelicans,114.0,San Antonio Spurs,113.0
2024-02-02,Portland Trail Blazers,108.0,Denver Nuggets,120.0
2024-02-03,Brooklyn Nets,136.0,Philadelphia 76ers,121.0
2024-02-03,Golden State Warriors,134.0,Atlanta Hawks,141.0
2024-02-03,Sacramento Kings,123.0,Chicago Bulls,115.0
2024-02-03,Milwaukee Bucks,129.0,Dallas Mavericks,117.0
2024-02-03,Los Angeles Lakers,113.0,New York Knicks,105.0
2024-02-03,Cleveland Cavaliers,117.0,San Antonio Spurs,101.0
2024-02-04,Orlando Magic,111.0,Detroit Pistons,99.0
2024-02-04,Phoenix Suns,140.0,Washington Wizards,112.0
2024-02-04,Memphis Grizzlies,91.0,Boston Celtics,131.0
2024-02-04,Indiana Pacers,115.0,Charlotte Hornets,99.0
2024-02-04,Los Angeles Clippers,103.0,Miami Heat,95.0
2024-02-04,Houston Rockets,90.0,Minnesota Timberwolves,111.0
2024-02-04,Toronto Raptors,127.0,Oklahoma City Thunder,135.0
2024-02-04,Milwaukee Bucks,108.0,Utah Jazz,123.0
2024-02-04,Portland Trail Blazers,103.0,Denver Nuggets,112.0
2024-02-05,Los Angeles Lakers,124.0,Charlotte Hornets,118.0
2024-02-05,Sacramento Kings,110.0,Cleveland Cavaliers,136.0
2024-02-05,Dallas Mavericks,118.0,Philadelphia 76ers,102.0
2024-02-05,Los Angeles Clippers,149.0,Atlanta Hawks,144.0
2024-02-05,Golden State Warriors,109.0,Brooklyn Nets,98.0
2024-02-05,Toronto Raptors,100.0,New Orleans Pelicans,138.0
2024-02-06,Houston Rockets,129.0,Indiana Pacers,132.0
2024-02-06,Dallas Mavericks,119.0,Brooklyn Nets,107.0
2024-02-06,Orlando Magic,95.0,Miami Heat,121.0
2024-02-06,Memphis Grizzlies,113.0,New York Knicks,123.0
2024-02-06,Minnesota Timberwolves,123.0,Chicago Bulls,129.0
2024-02-06,Oklahoma City Thunder,117.0,Utah Jazz,124.0
2024-02-06,Milwaukee Bucks,106.0,Phoenix Suns,114.0
2024-02-07,Toronto Raptors,123.0,Charlotte Hornets,117.0
2024-02-07,Cleveland Cavaliers,114.0,Washington Wizards,106.0
2024-02-07,Atlanta Hawks,117.0,Boston Celtics,125.0
2024-02-07,San Antonio Spurs,104.0,Miami Heat,116.0
2024-02-07,Golden State Warriors,127.0,Philadelphia 76ers,104.0
2024-02-07,New Orleans Pelicans,117.0,Los Angeles Clippers,106.0
2024-02-07,Detroit Pistons,133.0,Sacramento Kings,120.0
2024-02-08,Golden State Warriors,131.0,Indiana Pacers,109.0
2024-02-08,San Antonio Spurs,111.0,Orlando Magic,127.0
2024-02-08,Cleveland Cavaliers,118.0,Brooklyn Nets,95.0
2024-02-08,Dallas Mavericks,122.0,New York Knicks,108.0
2024-02-08,Chicago Bulls,118.0,Memphis Grizzlies,110.0
2024-02-08,Minnesota Timberwolves,129.0,Milwaukee Bucks,105.0
2024-02-08,Utah Jazz,115.0,Phoenix Suns,129.0
2024-02-08,Denver Nuggets,114.0,Los Angeles Lakers,106.0
2024-02-08,Detroit Pistons,128.0,Portland Trail Blazers,122.0
2024-02-09,Atlanta Hawks,127.0,Philadelphia 76ers,121.0
2024-02-09,Washington Wizards,129.0,Boston Celtics,133.0
2024-02-09,Houston Rockets,104.0,Toronto Raptors,107.0
2024-02-09,Charlotte Hornets,84.0,Milwaukee Bucks,120.0
2024-02-09,Denver Nuggets,106.0,Sacramento Kings,135.0
2024-02-09,New Orleans Pelicans,122.0,Los Angeles Lakers,139.0
2024-02-10,Oklahoma City Thunder,111.0,Dallas Mavericks,146.0
2024-02-10,Detroit Pistons,106.0,Los Angeles Clippers,112.0
2024-02-10,San Antonio Spurs,103.0,Brooklyn Nets,123.0
2024-02-10,Memphis Grizzlies,106.0,Charlotte Hornets,115.0
2024-02-10,Chicago Bulls,108.0,Orlando Magic,114.0
2024-02-10,Philadelphia 76ers,119.0,Washington Wizards,113.0
2024-02-10,Houston Rockets,113.0,Atlanta Hawks,122.0
2024-02-10,Indiana Pacers,125.0,New York Knicks,111.0
2024-02-10,Cleveland Cavaliers,119.0,Toronto Raptors,95.0
2024-02-10,Phoenix Suns,112.0,Golden State Warriors,113.0
2024-02-10,New Orleans Pelicans,93.0,Portland Trail Blazers,84.0
2024-02-11,Boston Celtics,110.0,Miami Heat,106.0
2024-02-11,Sacramento Kings,113.0,Oklahoma City Thunder,127.0
2024-02-12,Indiana Pacers,102.0,Charlotte Hornets,111.0
2024-02-12,Philadelphia 76ers,123.0,Cleveland Cavaliers,121.0
2024-02-12,Chicago Bulls,136.0,Atlanta Hawks,126.0
2024-02-12,San Antonio Spurs,122.0,Toronto Raptors,99.0
2024-02-12,New York Knicks,103.0,Houston Rockets,105.0
2024-02-12,New Orleans Pelicans,96.0,Memphis Grizzlies,87.0
2024-02-12,Denver Nuggets,95.0,Milwaukee Bucks,112.0
2024-02-12,Washington Wizards,104.0,Dallas Mavericks,112.0
2024-02-12,Golden State Warriors,129.0,Utah Jazz,107.0
2024-02-12,Minnesota Timberwolves,121.0,Los Angeles Clippers,100.0
2024-02-13,Boston Celtics,118.0,Brooklyn Nets,110.0
2024-02-13,Oklahoma City Thunder,127.0,Orlando Magic,113.0
2024-02-13,Miami Heat,123.0,Milwaukee Bucks,97.0
2024-02-13,Sacramento Kings,125.0,Phoenix Suns,130.0
2024-02-13,Minnesota Timberwolves,121.0,Portland Trail Blazers,109.0
2024-02-13,Detroit Pistons,111.0,Los Angeles Lakers,125.0
2024-02-14,Atlanta Hawks,99.0,Charlotte Hornets,122.0
2024-02-14,New York Knicks,100.0,Orlando Magic,118.0
2024-02-14,Miami Heat,109.0,Philadelphia 76ers,104.0
2024-02-14,Brooklyn Nets,86.0,Boston Celtics,136.0
2024-02-14,Chicago Bulls,105.0,Cleveland Cavaliers,108.0
2024-02-14,Indiana Pacers,127.0,Toronto Raptors,125.0
2024-02-14,Houston Rockets,113.0,Memphis Grizzlies,121.0
2024-02-14,Washington Wizards,126.0,New Orleans Pelicans,133.0
2024-02-14,San Antonio Spurs,93.0,Dallas Mavericks,116.0
2024-02-14,Sacramento Kings,102.0,Denver Nuggets,98.0
2024-02-14,Detroit Pistons,100.0,Phoenix Suns,116.0
2024-02-14,Los Angeles Lakers,138.0,Utah Jazz,122.0
2024-02-14,Los Angeles Clippers,130.0,Golden State Warriors,125.0
2024-02-15,Milwaukee Bucks,110.0,Memphis Grizzlies,113.0
2024-02-15,Golden State Warriors,140.0,Utah Jazz,137.0
2024-02-15,Minnesota Timberwolves,128.0,Portland Trail Blazers,91.0
2024-02-22,Orlando Magic,116.0,Cleveland Cavaliers,109.0
2024-02-22,Detroit Pistons,115.0,Indiana Pacers,129.0
2024-02-22,New York Knicks,110.0,Philadelphia 76ers,96.0
2024-02-22,Brooklyn Nets,93.0,Toronto Raptors,121.0
2024-02-22,Phoenix Suns,113.0,Dallas Mavericks,123.0
2024-02-22,Boston Celtics,129.0,Chicago Bulls,112.0
2024-02-22,Houston Rockets,105.0,New Orleans Pelicans,127.0
2024-02-22,Los Angeles Clippers,107.0,Oklahoma City Thunder,129.0
2024-02-22,Washington Wizards,110.0,Denver Nuggets,130.0
2024-02-22,Charlotte Hornets,115.0,Utah Jazz,107.0
2024-02-22,Los Angeles Lakers,110.0,Golden State Warriors,128.0
2024-02-22,San Antonio Spurs,122.0,Sacramento Kings,127.0
2024-02-23,Toronto Raptors,123.0,Atlanta Hawks,121.0
2024-02-23,Cleveland Cavaliers,97.0,Philadelphia 76ers,104.0
2024-02-23,Phoenix Suns,110.0,Houston Rockets,114.0
2024-02-23,Los Angeles Clippers,101.0,Memphis Grizzlies,95.0
2024-02-23,Miami Heat,106.0,New Orleans Pelicans,95.0
2024-02-23,Washington Wizards,106.0,Oklahoma City Thunder,147.0
2024-02-23,Charlotte Hornets,84.0,Golden State Warriors,97.0
2024-02-23,Milwaukee Bucks,112.0,Minnesota Timberwolves,107.0
2024-02-23,Denver Nuggets,127.0,Portland Trail Blazers,112.0
2024-02-23,San Antonio Spurs,118.0,Los Angeles Lakers,123.0
2024-02-24,Orlando Magic,112.0,Detroit Pistons,109.0
2024-02-24,Boston Celtics,116.0,New York Knicks,102.0
2024-02-24,Brooklyn Nets,86.0,Minnesota Timberwolves,101.0
2024-02-25,Milwaukee Bucks,119.0,Philadelphia 76ers,98.0
2024-02-25,Los Angeles Lakers,113.0,Phoenix Suns,123.0
2024-02-25,Dallas Mavericks,111.0,Indiana Pacers,133.0
2024-02-25,Cleveland Cavaliers,114.0,Washington Wizards,105.0
2024-02-25,Orlando Magic,92.0,Atlanta Hawks,109.0
2024-02-25,Denver Nuggets,119.0,Golden State Warriors,103.0
2024-02-25,Oklahoma City Thunder,123.0,Houston Rockets,110.0
2024-02-25,Chicago Bulls,114.0,New Orleans Pelicans,106.0
2024-02-25,San Antonio Spurs,109.0,Utah Jazz,128.0
2024-02-25,Charlotte Hornets,93.0,Portland Trail Blazers,80.0
2024-02-25,Sacramento Kings,123.0,Los Angeles Clippers,107.0
2024-02-26,Toronto Raptors,130.0,Indiana Pacers,122.0
2024-02-26,Detroit Pistons,111.0,New York Knicks,113.0
2024-02-26,Brooklyn Nets,111.0,Memphis Grizzlies,86.0
2024-02-26,Miami Heat,121.0,Sacramento Kings,110.0
2024-02-27,Dallas Mavericks,119.0,Cleveland Cavaliers,121.0
2024-02-27,Brooklyn Nets,81.0,Orlando Magic,108.0
2024-02-27,Golden State Warriors,123.0,Washington Wizards,112.0
2024-02-27,Utah Jazz,97.0,Atlanta Hawks,124.0
2024-02-27,Philadelphia 76ers,99.0,Boston Celtics,117.0
2024-02-27,New Orleans Pelicans,115.0,New York Knicks,92.0
2024-02-27,Detroit Pistons,105.0,Chicago Bulls,95.0
2024-02-27,Charlotte Hornets,85.0,Milwaukee Bucks,123.0
2024-02-27,San Antonio Spurs,105.0,Minnesota Timberwolves,114.0
2024-02-27,Houston Rockets,95.0,Oklahoma City Thunder,112.0
2024-02-27,Miami Heat,106.0,Portland Trail Blazers,96.0
2024-02-28,New Orleans Pelicans,114.0,Indiana Pacers,123.0
2024-02-28,Dallas Mavericks,136.0,Toronto Raptors,125.0
2024-02-28,Cleveland Cavaliers,123.0,Chicago Bulls,132.0
2024-02-28,Memphis Grizzlies,101.0,Minnesota Timberwolves,110.0
2024-02-28,Sacramento Kings,96.0,Denver Nuggets,117.0
2024-02-28,Los Angeles Lakers,116.0,Los Angeles Clippers,112.0
2024-02-29,Milwaukee Bucks,111.0,Charlotte Hornets,99.0
2024-02-29,Utah Jazz,107.0,Orlando Magic,115.0
2024-02-29,Atlanta Hawks,97.0,Brooklyn Nets,124.0
2024-02-29,Golden State Warriors,110.0,New York Knicks,99.0
2024-02-29,Oklahoma City Thunder,118.0,San Antonio Spurs,132.0
2024-02-29,Houston Rockets,105.0,Phoenix Suns,110.0
2024-02-29,Miami Heat,97.0,Denver Nuggets,103.0
2024-02-29,Washington Wizards,131.0,Los Angeles Lakers,134.0
2024-03-01,Cleveland Cavaliers,110.0,Detroit Pistons,100.0
2024-03-01,Charlotte Hornets,114.0,Philadelphia 76ers,121.0
2024-03-01,Dallas Mavericks,110.0,Boston Celtics,138.0
2024-03-01,Golden State Warriors,120.0,Toronto Raptors,105.0
2024-03-01,Portland Trail Blazers,122.0,Memphis Grizzlies,92.0
2024-03-01,Sacramento Kings,124.0,Minnesota Timberwolves,120.0
2024-03-01,Indiana Pacers,102.0,New Orleans Pelicans,129.0
2024-03-01,Milwaukee Bucks,113.0,Chicago Bulls,97.0
2024-03-01,Washington Wizards,115.0,Los Angeles Clippers,140.0
2024-03-02,Atlanta Hawks,102.0,Brooklyn Nets,114.0
2024-03-02,Utah Jazz,120.0,Miami Heat,126.0
2024-03-02,Portland Trail Blazers,107.0,Memphis Grizzlies,100.0
2024-03-02,Denver Nuggets,124.0,Los Angeles Lakers,114.0
2024-03-02,Houston Rockets,118.0,Phoenix Suns,109.0
2024-03-03,Philadelphia 76ers,120.0,Dallas Mavericks,116.0
2024-03-03,Golden State Warriors,88.0,Boston Celtics,140.0
2024-03-03,Los Angeles Clippers,89.0,Minnesota Timberwolves,88.0
2024-03-03,Detroit Pistons,91.0,Orlando Magic,113.0
2024-03-03,Charlotte Hornets,106.0,Toronto Raptors,111.0
2024-03-03,New York Knicks,107.0,Cleveland Cavaliers,98.0
2024-03-03,Indiana Pacers,105.0,San Antonio Spurs,117.0
2024-03-03,Oklahoma City Thunder,118.0,Phoenix Suns,110.0
2024-03-04,Memphis Grizzlies,106.0,Brooklyn Nets,102.0
2024-03-04,Los Angeles Clippers,106.0,Milwaukee Bucks,113.0
2024-03-04,Portland Trail Blazers,114.0,Minnesota Timberwolves,119.0
2024-03-04,Washington Wizards,115.0,Utah Jazz,127.0
2024-03-04,Chicago Bulls,113.0,Sacramento Kings,109.0
2024-03-04,Oklahoma City Thunder,104.0,Los Angeles Lakers,116.0
2024-03-05,Orlando Magic,101.0,Charlotte Hornets,89.0
2024-03-05,Philadelphia 76ers,107.0,Brooklyn Nets,112.0
2024-03-05,Boston Celtics,104.0,Cleveland Cavaliers,105.0
2024-03-05,Detroit Pistons,110.0,Miami Heat,118.0
2024-03-05,Atlanta Hawks,116.0,New York Knicks,100.0
2024-03-05,New Orleans Pelicans,139.0,Toronto Raptors,98.0
2024-03-05,San Antonio Spurs,101.0,Houston Rockets,114.0
2024-03-05,Indiana Pacers,137.0,Dallas Mavericks,120.0
2024-03-05,Phoenix Suns,117.0,Denver Nuggets,107.0
2024-03-06,Orlando Magic,119.0,Washington Wizards,109.0
2024-03-06,Cleveland Cavaliers,101.0,Atlanta Hawks,112.0
2024-03-06,Los Angeles Clippers,122.0,Houston Rockets,116.0
2024-03-06,Memphis Grizzlies,115.0,Philadelphia 76ers,109.0
2024-03-06,Chicago Bulls,119.0,Utah Jazz,117.0
2024-03-06,Milwaukee Bucks,90.0,Golden State Warriors,125.0
2024-03-06,Oklahoma City Thunder,128.0,Portland Trail Blazers,120.0
2024-03-06,Sacramento Kings,130.0,Los Angeles Lakers,120.0
2024-03-07,Brooklyn Nets,112.0,Detroit Pistons,118.0
2024-03-07,Minnesota Timberwolves,113.0,Indiana Pacers,111.0
2024-03-07,Miami Heat,108.0,Dallas Mavericks,114.0
2024-03-07,Toronto Raptors,113.0,Phoenix Suns,120.0
2024-03-07,Boston Celtics,109.0,Denver Nuggets,115.0
2024-03-07,Chicago Bulls,125.0,Golden State Warriors,122.0
2024-03-07,San Antonio Spurs,129.0,Sacramento Kings,131.0
2024-03-08,New Orleans Pelicans,103.0,Philadelphia 76ers,95.0
2024-03-08,Charlotte Hornets,100.0,Washington Wizards,112.0
2024-03-08,Minnesota Timberwolves,104.0,Cleveland Cavaliers,113.0
2024-03-08,Orlando Magic,74.0,New York Knicks,98.0
2024-03-08,Atlanta Hawks,99.0,Memphis Grizzlies,92.0
2024-03-08,Miami Heat,100.0,Oklahoma City Thunder,107.0
2024-03-08,Milwaukee Bucks,122.0,Los Angeles Lakers,123.0
2024-03-08,Houston Rockets,123.0,Portland Trail Blazers,107.0
2024-03-09,Chicago Bulls,102.0,Los Angeles Clippers,112.0
2024-03-09,Brooklyn Nets,99.0,Charlotte Hornets,110.0
2024-03-09,Dallas Mavericks,142.0,Detroit Pistons,124.0
2024-03-09,San Antonio Spurs,126.0,Golden State Warriors,113.0
2024-03-09,Boston Celtics,117.0,Phoenix Suns,107.0
2024-03-09,Utah Jazz,121.0,Denver Nuggets,142.0
2024-03-09,Toronto Raptors,118.0,Portland Trail Blazers,128.0
2024-03-10,Milwaukee Bucks,124.0,Los Angeles Clippers,117.0
2024-03-10,New Orleans Pelicans,116.0,Atlanta Hawks,103.0
2024-03-10,Washington Wizards,110.0,Miami Heat,108.0
2024-03-10,Indiana Pacers,111.0,Orlando Magic,97.0
2024-03-10,Houston Rockets,112.0,Sacramento Kings,104.0
2024-03-10,Brooklyn Nets,120.0,Cleveland Cavaliers,101.0
2024-03-10,Philadelphia 76ers,79.0,New York Knicks,73.0
2024-03-10,Memphis Grizzlies,93.0,Oklahoma City Thunder,124.0
2024-03-10,Minnesota Timberwolves,109.0,Los Angeles Lakers,120.0
2024-03-11,Charlotte Hornets,97.0,Detroit Pistons,114.0
2024-03-11,Phoenix Suns,117.0,Cleveland Cavaliers,111.0
2024-03-11,Dallas Mavericks,127.0,Chicago Bulls,92.0
2024-03-11,Golden State Warriors,112.0,San Antonio Spurs,102.0
2024-03-11,Toronto Raptors,119.0,Denver Nuggets,125.0
2024-03-11,Boston Celtics,121.0,Portland Trail Blazers,99.0
2024-03-12,Philadelphia 76ers,79.0,New York Knicks,106.0
2024-03-12,Washington Wizards,97.0,Memphis Grizzlies,109.0
2024-03-12,Indiana Pacers,121.0,Oklahoma City Thunder,111.0
2024-03-12,Houston Rockets,103.0,San Antonio Spurs,101.0
2024-03-12,Boston Celtics,123.0,Utah Jazz,107.0
2024-03-12,Minnesota Timberwolves,118.0,Los Angeles Clippers,100.0
2024-03-12,Milwaukee Bucks,94.0,Sacramento Kings,129.0
2024-03-13,Toronto Raptors,104.0,Detroit Pistons,113.0
2024-03-13,Brooklyn Nets,106.0,Orlando Magic,114.0
2024-03-13,Chicago Bulls,132.0,Indiana Pacers,129.0
2024-03-13,Denver Nuggets,100.0,Miami Heat,88.0
2024-03-13,Charlotte Hornets,110.0,Memphis Grizzlies,98.0
2024-03-13,Cleveland Cavaliers,116.0,New Orleans Pelicans,95.0
2024-03-13,Golden State Warriors,99.0,Dallas Mavericks,109.0
2024-03-13,Atlanta Hawks,102.0,Portland Trail Blazers,106.0
2024-03-13,Los Angeles Lakers,107.0,Sacramento Kings,120.0
2024-03-14,Phoenix Suns,112.0,Boston Celtics,127.0
2024-03-14,Los Angeles Clippers,126.0,Chicago Bulls,111.0
2024-03-14,Washington Wizards,119.0,Houston Rockets,135.0
2024-03-14,Philadelphia 76ers,105.0,Milwaukee Bucks,114.0
2024-03-14,Dallas Mavericks,119.0,Oklahoma City Thunder,126.0
2024-03-14,New York Knicks,105.0,Portland Trail Blazers,93.0
2024-03-15,Phoenix Suns,107.0,Charlotte Hornets,96.0
2024-03-15,Miami Heat,108.0,Detroit Pistons,95.0
2024-03-15,Orlando Magic,113.0,Toronto Raptors,103.0
2024-03-15,Los Angeles Clippers,104.0,New Orleans Pelicans,112.0
2024-03-15,Denver Nuggets,117.0,San Antonio Spurs,106.0
2024-03-15,Atlanta Hawks,122.0,Utah Jazz,124.0
2024-03-16,Cleveland Cavaliers,103.0,Houston Rockets,117.0
2024-03-16,Brooklyn Nets,100.0,Indiana Pacers,121.0
2024-03-16,Portland Trail Blazers,107.0,New Orleans Pelicans,126.0
2024-03-16,Charlotte Hornets,98.0,Philadelphia 76ers,109.0
2024-03-16,Washington Wizards,98.0,Chicago Bulls,127.0
2024-03-16,Oklahoma City Thunder,118.0,Memphis Grizzlies,112.0
2024-03-16,Golden State Warriors,128.0,Los Angeles Lakers,121.0
2024-03-16,Minnesota Timberwolves,119.0,Utah Jazz,100.0
2024-03-16,New York Knicks,98.0,Sacramento Kings,91.0
2024-03-17,Phoenix Suns,129.0,Milwaukee Bucks,140.0
2024-03-17,Miami Heat,104.0,Detroit Pistons,101.0
2024-03-17,Denver Nuggets,105.0,Dallas Mavericks,107.0
2024-03-17,Toronto Raptors,96.0,Orlando Magic,111.0
2024-03-17,Boston Celtics,130.0,Washington Wizards,104.0
2024-03-17,Brooklyn Nets,115.0,San Antonio Spurs,122.0
2024-03-17,Atlanta Hawks,110.0,Los Angeles Clippers,93.0
2024-03-18,Cleveland Cavaliers,108.0,Indiana Pacers,103.0
2024-03-18,Detroit Pistons,94.0,Boston Celtics,119.0
2024-03-18,Miami Heat,91.0,Philadelphia 76ers,98.0
2024-03-18,Portland Trail Blazers,107.0,Chicago Bulls,110.0
2024-03-18,Minnesota Timberwolves,114.0,Utah Jazz,104.0
2024-03-18,New York Knicks,119.0,Golden State Warriors,112.0
2024-03-18,Memphis Grizzlies,111.0,Sacramento Kings,121.0
2024-03-18,Atlanta Hawks,105.0,Los Angeles Lakers,136.0
2024-03-19,Charlotte Hornets,92.0,Orlando Magic,112.0
2024-03-19,Houston Rockets,137.0,Washington Wizards,114.0
2024-03-19,New Orleans Pelicans,104.0,Brooklyn Nets,91.0
2024-03-19,Dallas Mavericks,113.0,San Antonio Spurs,107.0
2024-03-19,Denver Nuggets,115.0,Minnesota Timberwolves,112.0
2024-03-20,Miami Heat,107.0,Cleveland Cavaliers,104.0
2024-03-20,Indiana Pacers,122.0,Detroit Pistons,103.0
2024-03-20,Milwaukee Bucks,119.0,Boston Celtics,122.0
2024-03-20,Sacramento Kings,123.0,Toronto Raptors,89.0
2024-03-20,Utah Jazz,107.0,Oklahoma City Thunder,119.0
2024-03-20,Memphis Grizzlies,116.0,Golden State Warriors,137.0
2024-03-20,Philadelphia 76ers,102.0,Phoenix Suns,115.0
2024-03-20,Los Angeles Clippers,116.0,Portland Trail Blazers,103.0
2024-03-21,New Orleans Pelicans,106.0,Orlando Magic,121.0
2024-03-21,Sacramento Kings,102.0,Washington Wizards,109.0
2024-03-21,Chicago Bulls,117.0,Houston Rockets,127.0
2024-03-21,Brooklyn Nets,108.0,Milwaukee Bucks,115.0
2024-03-21,Utah Jazz,97.0,Dallas Mavericks,113.0
2024-03-21,New York Knicks,100.0,Denver Nuggets,113.0
2024-03-21,Atlanta Hawks,115.0,Phoenix Suns,128.0
2024-03-22,Boston Celtics,129.0,Detroit Pistons,102.0
2024-03-22,Oklahoma City Thunder,123.0,Toronto Raptors,103.0
2024-03-22,New Orleans Pelicans,111.0,Miami Heat,88.0
2024-03-22,Cleveland Cavaliers,91.0,Minnesota Timberwolves,104.0
2024-03-22,Memphis Grizzlies,99.0,San Antonio Spurs,97.0
2024-03-22,Indiana Pacers,123.0,Golden State Warriors,111.0
2024-03-22,Los Angeles Clippers,125.0,Portland Trail Blazers,117.0
2024-03-22,Philadelphia 76ers,94.0,Los Angeles Lakers,101.0
2024-03-23,Brooklyn Nets,93.0,New York Knicks,105.0
2024-03-23,Sacramento Kings,109.0,Orlando Magic,107.0
2024-03-23,Charlotte Hornets,91.0,Atlanta Hawks,132.0
2024-03-23,Boston Celtics,124.0,Chicago Bulls,113.0
2024-03-23,Utah Jazz,119.0,Houston Rockets,147.0
2024-03-23,Phoenix Suns,131.0,San Antonio Spurs,106.0
2024-03-23,Toronto Raptors,109.0,Washington Wizards,112.0
2024-03-23,Denver Nuggets,114.0,Portland Trail Blazers,111.0
2024-03-24,New Orleans Pelicans,114.0,Detroit Pistons,101.0
2024-03-24,Philadelphia 76ers,121.0,Los Angeles Clippers,107.0
2024-03-24,Cleveland Cavaliers,84.0,Miami Heat,121.0
2024-03-24,Oklahoma City Thunder,93.0,Milwaukee Bucks,118.0
2024-03-24,Golden State Warriors,110.0,Minnesota Timberwolves,114.0
2024-03-24,Indiana Pacers,145.0,Los Angeles Lakers,150.0
2024-03-25,Charlotte Hornets,92.0,Cleveland Cavaliers,115.0
2024-03-25,Boston Celtics,118.0,Atlanta Hawks,120.0
2024-03-25,Detroit Pistons,99.0,New York Knicks,124.0
2024-03-25,Brooklyn Nets,96.0,Toronto Raptors,88.0
2024-03-25,Washington Wizards,107.0,Chicago Bulls,105.0
2024-03-25,Portland Trail Blazers,92.0,Houston Rockets,110.0
2024-03-25,Phoenix Suns,102.0,San Antonio Spurs,104.0
2024-03-25,Memphis Grizzlies,103.0,Denver Nuggets,128.0
2024-03-25,Dallas Mavericks,115.0,Utah Jazz,105.0
2024-03-25,Philadelphia 76ers,96.0,Sacramento Kings,108.0
2024-03-25,Indiana Pacers,133.0,Los Angeles Clippers,116.0
2024-03-26,Golden State Warriors,113.0,Miami Heat,92.0
2024-03-26,Los Angeles Lakers,128.0,Milwaukee Bucks,124.0
2024-03-26,Oklahoma City Thunder,119.0,New Orleans Pelicans,112.0
2024-03-26,Dallas Mavericks,132.0,Sacramento Kings,96.0
2024-03-27,Cleveland Cavaliers,111.0,Charlotte Hornets,118.0
2024-03-27,Golden State Warriors,101.0,Orlando Magic,93.0
2024-03-27,Brooklyn Nets,122.0,Washington Wizards,119.0
2024-03-27,Portland Trail Blazers,106.0,Atlanta Hawks,120.0
2024-03-27,Los Angeles Clippers,108.0,Philadelphia 76ers,107.0
2024-03-27,New York Knicks,145.0,Toronto Raptors,101.0
2024-03-27,Indiana Pacers,99.0,Chicago Bulls,125.0
2024-03-27,Los Angeles Lakers,136.0,Memphis Grizzlies,124.0
2024-03-27,Detroit Pistons,91.0,Minnesota Timberwolves,106.0
2024-03-27,Houston Rockets,132.0,Oklahoma City Thunder,126.0
2024-03-27,San Antonio Spurs,118.0,Utah Jazz,111.0
2024-03-27,Phoenix Suns,104.0,Denver Nuggets,97.0
2024-03-28,Boston Celtics,122.0,Atlanta Hawks,123.0
2024-03-28,Milwaukee Bucks,100.0,New Orleans Pelicans,107.0
2024-03-29,Golden State Warriors,115.0,Charlotte Hornets,97.0
2024-03-29,Los Angeles Lakers,90.0,Indiana Pacers,109.0
2024-03-29,Los Angeles Clippers,100.0,Orlando Magic,97.0
2024-03-29,Detroit Pistons,96.0,Washington Wizards,87.0
2024-03-29,Chicago Bulls,108.0,Brooklyn Nets,125.0
2024-03-29,Philadelphia 76ers,114.0,Cleveland Cavaliers,117.0
2024-03-29,Portland Trail Blazers,82.0,Miami Heat,142.0
2024-03-29,Phoenix Suns,103.0,Oklahoma City Thunder,128.0
2024-03-29,New York Knicks,126.0,San Antonio Spurs,130.0
2024-03-29,Minnesota Timberwolves,111.0,Denver Nuggets,98.0
2024-03-29,Houston Rockets,101.0,Utah Jazz,100.0
2024-03-29,Dallas Mavericks,107.0,Sacramento Kings,103.0
2024-03-30,Boston Celtics,104.0,New Orleans Pelicans,92.0
2024-03-30,Memphis Grizzlies,88.0,Orlando Magic,118.0
2024-03-30,Milwaukee Bucks,122.0,Atlanta Hawks,113.0
2024-03-31,Cleveland Cavaliers,101.0,Denver Nuggets,130.0
2024-03-31,Los Angeles Lakers,116.0,Brooklyn Nets,104.0
2024-03-31,Los Angeles Clippers,130.0,Charlotte Hornets,118.0
2024-03-31,Philadelphia 76ers,135.0,Toronto Raptors,120.0
2024-03-31,Miami Heat,119.0,Washington Wizards,107.0
2024-03-31,Dallas Mavericks,125.0,Houston Rockets,107.0
2024-03-31,Chicago Bulls,109.0,Minnesota Timberwolves,101.0
2024-03-31,Oklahoma City Thunder,113.0,New York Knicks,112.0
2024-03-31,Golden State Warriors,117.0,San Antonio Spurs,113.0
2024-03-31,Utah Jazz,106.0,Sacramento Kings,127.0
2024-04-01,Boston Celtics,118.0,Charlotte Hornets,104.0
2024-04-01,Memphis Grizzlies,110.0,Detroit Pistons,108.0
2024-04-01,Brooklyn Nets,111.0,Indiana Pacers,133.0
2024-04-01,Portland Trail Blazers,103.0,Orlando Magic,104.0
2024-04-01,Atlanta Hawks,113.0,Chicago Bulls,101.0
2024-04-01,Phoenix Suns,124.0,New Orleans Pelicans,111.0
2024-04-02,Los Angeles Lakers,128.0,Toronto Raptors,111.0
2024-04-02,Milwaukee Bucks,113.0,Washington Wizards,117.0
2024-04-02,New York Knicks,99.0,Miami Heat,109.0
2024-04-02,Oklahoma City Thunder,105.0,Philadelphia 76ers,109.0
2024-04-02,Houston Rockets,106.0,Minnesota Timberwolves,113.0
2024-04-02,San Antonio Spurs,105.0,Denver Nuggets,110.0
2024-04-02,Cleveland Cavaliers,129.0,Utah Jazz,113.0
2024-04-02,Dallas Mavericks,100.0,Golden State Warriors,104.0
2024-04-02,Los Angeles Clippers,95.0,Sacramento Kings,109.0
2024-04-03,Portland Trail Blazers,89.0,Charlotte Hornets,86.0
2024-04-03,Los Angeles Lakers,125.0,Washington Wizards,120.0
2024-04-03,Detroit Pistons,113.0,Atlanta Hawks,121.0
2024-04-03,Oklahoma City Thunder,100.0,Boston Celtics,135.0
2024-04-03,Indiana Pacers,111.0,Brooklyn Nets,115.0
2024-04-03,Memphis Grizzlies,111.0,Milwaukee Bucks,101.0
2024-04-03,Toronto Raptors,85.0,Minnesota Timberwolves,133.0
2024-04-03,Orlando Magic,117.0,New Orleans Pelicans,108.0
2024-04-03,Cleveland Cavaliers,101.0,Phoenix Suns,122.0
2024-04-04,Atlanta Hawks,95.0,Dallas Mavericks,109.0
2024-04-04,Philadelphia 76ers,109.0,Miami Heat,105.0
2024-04-04,Sacramento Kings,109.0,New York Knicks,120.0
2024-04-04,Golden State Warriors,133.0,Houston Rockets,110.0
2024-04-04,Denver Nuggets,100.0,Los Angeles Clippers,102.0
2024-04-05,Orlando Magic,115.0,Charlotte Hornets,124.0
2024-04-05,Oklahoma City Thunder,112.0,Indiana Pacers,126.0
2024-04-05,Portland Trail Blazers,108.0,Washington Wizards,102.0
2024-04-05,Sacramento Kings,100.0,Boston Celtics,101.0
2024-04-05,New York Knicks,100.0,Chicago Bulls,108.0
2024-04-05,Miami Heat,119.0,Houston Rockets,104.0
2024-04-05,Detroit Pistons,90.0,Memphis Grizzlies,108.0
2024-04-05,Toronto Raptors,117.0,Milwaukee Bucks,111.0
2024-04-05,San Antonio Spurs,111.0,New Orleans Pelicans,109.0
2024-04-05,Golden State Warriors,106.0,Dallas Mavericks,108.0
2024-04-05,Minnesota Timberwolves,87.0,Phoenix Suns,97.0
2024-04-05,Utah Jazz,102.0,Los Angeles Clippers,131.0
2024-04-06,Cleveland Cavaliers,97.0,Los Angeles Lakers,116.0
2024-04-06,Detroit Pistons,103.0,Brooklyn Nets,113.0
2024-04-06,Philadelphia 76ers,116.0,Memphis Grizzlies,96.0
2024-04-06,Atlanta Hawks,110.0,Denver Nuggets,142.0
2024-04-07,Houston Rockets,136.0,Dallas Mavericks,147.0
2024-04-07,Cleveland Cavaliers,118.0,Los Angeles Clippers,120.0
2024-04-07,Miami Heat,115.0,Indiana Pacers,117.0
2024-04-07,Portland Trail Blazers,107.0,Boston Celtics,124.0
2024-04-07,Oklahoma City Thunder,121.0,Charlotte Hornets,118.0
2024-04-07,Chicago Bulls,98.0,Orlando Magic,113.0
2024-04-07,New Orleans Pelicans,113.0,Phoenix Suns,105.0
2024-04-07,Washington Wizards,122.0,Toronto Raptors,130.0
2024-04-07,New York Knicks,122.0,Milwaukee Bucks,109.0
2024-04-07,Philadelphia 76ers,133.0,San Antonio Spurs,126.0
2024-04-07,Sacramento Kings,107.0,Brooklyn Nets,77.0
2024-04-07,Utah Jazz,110.0,Golden State Warriors,118.0
2024-04-07,Minnesota Timberwolves,127.0,Los Angeles Lakers,117.0
2024-04-09,Dallas Mavericks,130.0,Charlotte Hornets,104.0
2024-04-09,Detroit Pistons,102.0,Philadelphia 76ers,120.0
2024-04-09,Indiana Pacers,140.0,Toronto Raptors,123.0
2024-04-09,Miami Heat,117.0,Atlanta Hawks,111.0
2024-04-09,Boston Celtics,91.0,Milwaukee Bucks,104.0
2024-04-09,New York Knicks,128.0,Chicago Bulls,117.0
2024-04-09,Orlando Magic,106.0,Houston Rockets,118.0
2024-04-09,San Antonio Spurs,102.0,Memphis Grizzlies,87.0
2024-04-09,Washington Wizards,121.0,Minnesota Timberwolves,130.0
2024-04-09,Sacramento Kings,105.0,Oklahoma City Thunder,112.0
2024-04-09,Denver Nuggets,111.0,Utah Jazz,95.0
2024-04-09,Golden State Warriors,134.0,Los Angeles Lakers,120.0
2024-04-09,Los Angeles Clippers,105.0,Phoenix Suns,92.0
2024-04-09,New Orleans Pelicans,110.0,Portland Trail Blazers,100.0
2024-04-10,Memphis Grizzlies,98.0,Cleveland Cavaliers,110.0
2024-04-10,Charlotte Hornets,115.0,Atlanta Hawks,114.0
2024-04-10,Toronto Raptors,102.0,Brooklyn Nets,106.0
2024-04-10,Dallas Mavericks,111.0,Miami Heat,92.0
2024-04-10,Orlando Magic,99.0,Milwaukee Bucks,117.0
2024-04-10,San Antonio Spurs,89.0,Oklahoma City Thunder,127.0
2024-04-10,Minnesota Timberwolves,107.0,Denver Nuggets,116.0
2024-04-10,Phoenix Suns,124.0,Los Angeles Clippers,108.0
2024-04-11,Chicago Bulls,127.0,Detroit Pistons,105.0
2024-04-11,New York Knicks,118.0,Boston Celtics,109.0
2024-04-11,Houston Rockets,121.0,Utah Jazz,124.0
2024-04-11,Golden State Warriors,100.0,Portland Trail Blazers,92.0
2024-04-11,New Orleans Pelicans,135.0,Sacramento Kings,123.0
2024-04-12,Orlando Magic,113.0,Philadelphia 76ers,125.0
2024-04-12,Chicago Bulls,129.0,Washington Wizards,127.0
2024-04-12,Charlotte Hornets,98.0,Boston Celtics,131.0
2024-04-12,Indiana Pacers,120.0,Cleveland Cavaliers,129.0
2024-04-12,Brooklyn Nets,107.0,New York Knicks,111.0
2024-04-12,Los Angeles Lakers,123.0,Memphis Grizzlies,120.0
2024-04-12,Toronto Raptors,103.0,Miami Heat,125.0
2024-04-12,Atlanta Hawks,106.0,Minnesota Timberwolves,109.0
2024-04-12,Milwaukee Bucks,107.0,Oklahoma City Thunder,125.0
2024-04-12,Denver Nuggets,120.0,San Antonio Spurs,121.0
2024-04-12,Detroit Pistons,107.0,Dallas Mavericks,89.0
2024-04-12,New Orleans Pelicans,114.0,Golden State Warriors,109.0
2024-04-12,Houston Rockets,116.0,Portland Trail Blazers,107.0
2024-04-12,Utah Jazz,110.0,Los Angeles Clippers,109.0
2024-04-12,Phoenix Suns,108.0,Sacramento Kings,107.0
2024-04-14,Washington Wizards,122.0,Boston Celtics,132.0
2024-04-14,Charlotte Hornets,120.0,Cleveland Cavaliers,110.0
2024-04-14,Atlanta Hawks,115.0,Indiana Pacers,157.0
2024-04-14,Toronto Raptors,103.0,Miami Heat,118.0
2024-04-14,Chicago Bulls,119.0,New York Knicks,120.0
2024-04-14,Milwaukee Bucks,88.0,Orlando Magic,113.0
2024-04-14,Brooklyn Nets,86.0,Philadelphia 76ers,107.0
2024-04-14,Utah Jazz,116.0,Golden State Warriors,123.0
2024-04-14,Houston Rockets,116.0,Los Angeles Clippers,105.0
2024-04-14,Denver Nuggets,126.0,Memphis Grizzlies,111.0
2024-04-14,Phoenix Suns,125.0,Minnesota Timberwolves,106.0
2024-04-14,Los Angeles Lakers,124.0,New Orleans Pelicans,108.0
2024-04-14,Dallas Mavericks,86.0,Oklahoma City Thunder,135.0
2024-04-14,Portland Trail Blazers,82.0,Sacramento Kings,121.0
2024-04-14,Detroit Pistons,95.0,San Antonio Spurs,123.0
2024-04-16,Los Angeles Lakers,110.0,New Orleans Pelicans,106.0
2024-04-16,Golden State Warriors,94.0,Sacramento Kings,118.0
2024-04-17,Miami Heat,,Philadelphia 76ers,
2024-04-17,Atlanta Hawks,,Chicago Bulls,
2024-04-19,Sacramento Kings,,New Orleans Pelicans,
2024-04-20,Orlando Magic,,Cleveland Cavaliers,
2024-04-20,Phoenix Suns,,Minnesota Timberwolves,
2024-04-21,Dallas Mavericks,,Los Angeles Clippers,
2024-04-21,Indiana Pacers,,Milwaukee Bucks,
